<?xml version="1.0" encoding="UTF-8" standalone="yes"?>
<Content>
    <Views>
        <ViewDef id="b925f2b6-9b2d-4f38-ab4c-4627f8ead562">
            <Title>Sustainability Banner</Title>
            <Description>Banner image for Green Datacenter Dashboard. Please update the image as required.</Description>
            <Usage>dashboard</Usage>
            <Usage>report</Usage>
            <Usage>content</Usage>
            <Presentation type="image">
                <DataBinding>
                    <Source>/9j/4AAQSkZJRgABAQAASABIAAD/4QBYRXhpZgAATU0AKgAAAAgAAgESAAMAAAABAAEAAIdpAAQA&#13;
AAABAAAAJgAAAAAAA6ABAAMAAAABAAEAAKACAAQAAAABAAAFAKADAAQAAAABAAAAaAAAAAD/7QA4&#13;
UGhvdG9zaG9wIDMuMAA4QklNBAQAAAAAAAA4QklNBCUAAAAAABDUHYzZjwCyBOmACZjs+EJ+/8AA&#13;
EQgAaAUAAwEiAAIRAQMRAf/EAB8AAAEFAQEBAQEBAAAAAAAAAAABAgMEBQYHCAkKC//EALUQAAIB&#13;
AwMCBAMFBQQEAAABfQECAwAEEQUSITFBBhNRYQcicRQygZGhCCNCscEVUtHwJDNicoIJChYXGBka&#13;
JSYnKCkqNDU2Nzg5OkNERUZHSElKU1RVVldYWVpjZGVmZ2hpanN0dXZ3eHl6g4SFhoeIiYqSk5SV&#13;
lpeYmZqio6Slpqeoqaqys7S1tre4ubrCw8TFxsfIycrS09TV1tfY2drh4uPk5ebn6Onq8fLz9PX2&#13;
9/j5+v/EAB8BAAMBAQEBAQEBAQEAAAAAAAABAgMEBQYHCAkKC//EALURAAIBAgQEAwQHBQQEAAEC&#13;
dwABAgMRBAUhMQYSQVEHYXETIjKBCBRCkaGxwQkjM1LwFWJy0QoWJDThJfEXGBkaJicoKSo1Njc4&#13;
OTpDREVGR0hJSlNUVVZXWFlaY2RlZmdoaWpzdHV2d3h5eoKDhIWGh4iJipKTlJWWl5iZmqKjpKWm&#13;
p6ipqrKztLW2t7i5usLDxMXGx8jJytLT1NXW19jZ2uLj5OXm5+jp6vLz9PX29/j5+v/bAEMAAwIC&#13;
AgICAwICAgMDAwMEBgQEBAQECAYGBQYJCAoKCQgJCQoMDwwKCw4LCQkNEQ0ODxAQERAKDBITEhAT&#13;
DxAQEP/bAEMBAwMDBAMECAQECBALCQsQEBAQEBAQEBAQEBAQEBAQEBAQEBAQEBAQEBAQEBAQEBAQ&#13;
EBAQEBAQEBAQEBAQEBAQEP/dAAQAUP/aAAwDAQACEQMRAD8A/VKiiigAooooAOaKKo3V3nMcZ47t&#13;
WdWrGlHmkVGLm7ILq6zmOPp3NVATSUV4tSs6suaR2RgoqyFz6ijJPSkorPmKHZ560E/jTcmii4C7&#13;
jS5Pem0UhWFLelLk+lNop3Cw4nFGT3ptFFxjgfek3elJRRcVgya8g+Nk0za1p8DH90lqXUdtxcg/&#13;
oBXr9eW/HSCOKw03VMrvjlaBh3IYZH6qfzr43j2hUxGR1VT6Wb9E1c5MarUWzyyobyXyLWabP3EL&#13;
fkKrf2knas/X9UVND1Bwfu20h6/7Jr+dKNJzqRh3aPBU1c1tNuPten29znPmxq+fqKtxuY5FkXqp&#13;
DD8K5zwTem58KaTOxwHtIz9flFbvnpVV4PD15RX2W19zKbVz6C8N+JbbXdKhu4JQXChZU7q2Oa37&#13;
X58SSdOw9a8C+H+uNpviW0iDnybtxDImeDnhT+eK91+09g1f1L4f5uuJMu9tVXv03ytd3ZWf3G8s&#13;
a0rGsLoAcGj7UP71ZP2lvWgXXuK/Q/ZmH1o1vtJ/vUfah/erJ+088tQ1z70ezD60a32kf3v1o+0/&#13;
7WKyftXHBo+0t60ezD60a32of3qPtQ/vVk/av9v9KVLhmYKuSScACj2YLEmsLksQqnJPpV2CNlG5&#13;
/vH9Kr2NmYVEkvMhHT0q6PX0rnm1sj0aMJW5pC0UU1nVFLM2ABkk9qg3BmVFLNwAOSa868YeM/tZ&#13;
fTNKkIgHEso6yew9v51B408b/bmfStJkIt1OJJR/y0PoPb+dcZvH+TXs4LA2tUqLXojwsfmF70qT&#13;
06steb7ijzB61VEmKPMGeterynjc5a833FHmD1qrvWjzF9aXKHMWvNx0NHm56muUvviJ4N0y8m0+&#13;
+16CO4gbZJHtYlW9DgGq5+KfgEHB8SW4J9Uf/wCJrdYWs1dRf3MweNoRdnNfejr7mX/Rpef4G/lX&#13;
N/DOUJ4D0gk9IW/9DaqcnxP8BOjI3iODDAg/u5P/AImuJtdS8H6fbJY6f8U9YgtYsiKJduFBJOP9&#13;
V711UsJOVKUJJrVPZ+f+ZxV8dThUjUi09Gt11a/yOz+It6wfw9Mo/wBVrETgfRHqnous/EfXdLt9&#13;
XtT4fiiulLokhm3KMkYOBjtXNi68KapeWqSfETUtSmgkM1tbzlQryhTjpGPU966z4fSgeDdKH/TD&#13;
/wBmNb1KaoUUnG7T6p9b9zkhWeIxDfNZNdGumnQk3/E7/nv4b/8AI/8AhWp4D1TVvFmmxvPbR/bT&#13;
PLAyQElSUYrkZ5xx3q/aQ3F9cpa2cbSSyHCqK6T4A6Pbaf4QmumQG6fUbxHfrjErDArzsVXhChKT&#13;
irpq1vO/+R6eEw86mIjBSfK0738rHc+GfDcOhQ+ZIVku3Hzv/d9hW7vI71CZKN9fKzlKpLmlufX0&#13;
1GlHljsS7z/epd5PeoN5pfMNRysvnJ95pNxqHfRv460WDnJd5/vUbz/eqHeaUPRyhzku8/3qdvJ4&#13;
zUG/JwBV62t9oDuPm/lSl7pcLzdkOhiKjc/X09KmWjHNLWTdzsSUVZBRRRSGFFFFABRRRQAUUUUA&#13;
FFFFABRRRQAUUUUAFFFFABRRRQAUUUUAFFFFABRRRQAUUUUAFYfjuWWHwTr80MjRyJptyyurFSpE&#13;
bYII5B963Kw/Hc8dr4J1+5lVikOmXMjBRkkCJiQB61pSajUi33RFS/I7Hxn4v+JPiHSrAWlv4k1C&#13;
11Z4iLMNdTFJpugiwCck9fUda4HwXefETWNO3eKvGXiXTtVsXmt9n9p3K/aFZBKzBC3LLyAQMgU/&#13;
42a74IutFtPEj6Xere7mMBLS2tyCF3+UuBtznGSePTNcLb/Exte1W5vNa1iEXd7prR20Yby3t5GX&#13;
DvGcgMRjBZiWI6HtU4vM8NHHtNJ2ukult7u/XtY8aNOq6VmzrdJ+Jvi3xF4/jsPD3jrVRHDuhW0N&#13;
5cMlyFwxZnZyEfOT3GAR14qn8T/iH4+v1XxX4U8Zz2ttZf6Nd2Ums3EcrMZAOhYcgfMGUH5SDz0r&#13;
ivB2pXugayus6RqFzaadaP5E80dtuVgxG7LEEcB84IOeoxmvUNd0yz+Jy2Gh3vgvTp4YhG89zbyy&#13;
xlfn+ZUOzA2gDLZwA3UVw4PHVMfhZ05Nxm3ddrvZ97L9RVYuFRNbHjni3xr8RdEvbR7f4j+MIFuo&#13;
lutl9r0owCM4DLIcqecZAPqM8VJ4s+MXjSLTNKt28ZeJdM1HfIrrBrN4yGJRlA2ZGO5gSSR/9ajw&#13;
9pEHh/4w62l74aGv6b4eWb7LLfXQuksyTmNJAuUcZIJB5A55IrivGeunxj4mvvEVx9msLiW4ecpA&#13;
CIy+cEcjOOufXg14uLboX99+9pbsdkGt2ek/C/8AaG8a+G9M1K3uvFmvarJqlk8Pm3l7cym0m/hd&#13;
TvyDgnpjgDpTtV+NvxLebTNOvfGHiSPyW+0NcWd3crPdRlcIqZbDLnocE9c5rx28vbTSrO2k09Jm&#13;
FyRLOzSEBs5DYA4Izntnmu88EeONfu/E+ja94egN5qOkQ+RbF4vPXYWKrEUYfKvzkAj14wa891q2&#13;
kXN2GpX0TPtX4Xa1qx+Fun61qOta5cXBg8+YXFxOJAdxDLyc4H9K8o+PXxF8RaX4q0ddI8R6/bRX&#13;
cCs/k6hMkM552iPD4Z+SMZwSKq+NfiZ8UtQsr/Sb/TrLRLLT4hFqyJG3O9dpQ7iTgZxx/hXEeNbM&#13;
a14H8P3Wp6nPctaXfkRC4jOUg3Bi0ZGdo6Y3DJ5wcV7+KzWOLw7wtJP3Um7q2qfb7xybh7zOpsPi&#13;
F4/8K6tbapL4h1jXJb4xhbb+1LgwJIFG1Fy3JZSSVwecc1654L8deKvF2p60upajc2f2d7cw2sd1&#13;
MXhEkYYq7bsEkgngDHFfJdh4turrULTX9OD3AsnhjWJrj74QlDheqnAH8xX1d4N0fTPBXhOO58QQ&#13;
JY6nrNsksqGTfNJn5ssvAUqzknbkcZr0eF8dJ4mcr+4rtp2tquml9zkxseamlG9zo9E8TSanfXlk&#13;
mt6rK9hK0TxrdS7t4AyPvdORzXVtr1wyxMZL0hUxt+1yA5H/AAKvm7wL4ivNA8XeI77VdeWG51S/&#13;
SGMiRDFDEqlpGVVzudsHaDgEn1Fe2jxNph8cReDQjC5m04agCwwSCemOvTn8K+pwOZ0MwpqddpO7&#13;
S+92OaVOph17l7Fi58Qa/NK0kd/coFPyqLyTkf8AfVVI/FfiLd+61C5XB53XUh/9mreGn27yNGig&#13;
upw6jkqT6/hzUqaRbKf9VF9duK9b6rSltYy+s1FuU9O8U3sr7L3UL36rcSf/ABVb0uqzpZmS11O6&#13;
fzPlANw5IP51Vi0q03FpEUKvPArSs10PbtiEYlPBdj29hXLVpUaUtfwOiFSpUi7aHOSya1kZ1XUA&#13;
X5A+1SD/ANmqRbXxIY/OF7qRjxnd9rlxj/vqulhKR3JNqxJ2FT+73L9eaLa4uYQYrgGX5dpwMDH0&#13;
rdYu+iijB4Xl1cjllm1bA/4mt6c9P9Ml5/8AHqlSTUTw2qaj7/6XJj/0Kt23trYh4pItjsRhwv3R&#13;
mrUmjWkqg2Yducc9T9a6JYqknyOKMY4Wa15mzMs9XnRPs0s94w/v/apP55q7BrdzDnzppmiTqTPI&#13;
ePrmsvxTeaZ4MsI9U1p1jtpLqG03hh8ryuEUn2ywyew5rhfjl4wtvDvhe60ezluEvry089ZYFyFg&#13;
3gM2/oM+/wDUV4+Kq4KjCdSTWnQ7oyr3Sa0PU5/EECRNdXN28MEYLMzXEgAA5PO70rzrwX8TINf0&#13;
bUr+/wDETxxadeyiSX7e2PLOWQDDDnYVrnPH3ju5n0rwhNoFnHcwX85WeWRC9pgfu2R1yGkBYtgD&#13;
GWUc188aTex+Ata1fS9aSW6mSe8jRWPFrK6gCROoD4A6g8cHNfK5lxFRy6tF0ldW19Xt9x3U8PVr&#13;
0/fdj2TU/il4q+I/hS4i8JG/tjbODc6hNdXKnBfC+QincSVwSx4HpXl/g/4k62PEGp6jd+OPFd2l&#13;
mGRLe9v7jiTeoywDgZxu4xisTwZ8UL7wk02l3TDUNM1Gy2PE0Qd/tJBDOeMtsAyFyF649a4q/wDE&#13;
K6J4pa80Rba7htikgcr8nUHdtJzzznvXxeOznE4+UKspe8tzrpwo0IqMEfR2m+J/G1v4yvdT1/4i&#13;
6hLb6XphvbeIag6W05kHyKdrZ4OexrurHx3q9/4al1FvEVxZahDCv2hJryUrauwyu9d2cY5B7ivl&#13;
C48Tza0IoYREs81wkjyh3DSpncRnsCeegxx1zVrx1rOs6uJ7oajb2d1cESSxrOVWVUUDG0gbuBkd&#13;
8iuKjmleHNGGtzWVeEVdI9FbUPG+s32o3Fl8RNZYogS3a2124ije4fB4iZiwQANknAHXNeX3HxR+&#13;
JC/uZfH3ilpICUkeLWJ8Fchf7/TA69ec1k22uXtkrahu+fygrpuDPJGOCmegGQOnXmsnV9fnuhCT&#13;
A+JFIQEhAeeu3AJFcyxdebjytruc06ilsrHoOlfG3xLY6680vjjxHLYafHI4jXWLklmIKrgs3IG4&#13;
/MeuBxXJX/xi+IV7IiWXxJ8ULIH3bl1afbtHI3Lvzg9MVw9/HPGl0v8AZc2/arSDZlAuMAk9hgis&#13;
/SS1pJbTQRRTrnIMuGUDOCWUZ4XrXoU3VkuZTZne/U9qb4z/ABG8QxvcX3j7XLFbNGDJHqU0KZ4w&#13;
Mh88Ae+PWux0HxV8TRovnyePNcaGa/g8ljq0rEoEm3dHJ5IXngHFed+CtF09fD2ta74l0uO8WS3a&#13;
Kzw6xtazZVUmBJBcEnkDP3c10XhqbT5bC8mguz5MF3aIqgABcJPnofXPpWuEqVIYyMXJtu/5M3UV&#13;
bmuekw+LPiNfP5K+MtaAU4+XUJsn/wAerUh8YeO4J47OTxVrRBIBY38x/wDZq5/Q7+3Ul4m59TVi&#13;
XV1F6jSOBj5jXfKLSu2ae1vFpH0F4Z8SXcGkKl1r2oPM2Pme7kJ/U1Su/EmsRarIsXiDUduRgfap&#13;
Mfzrxo+OjBcRqk2FHXJrRs/Fq3OoK/m7lJHOa5MW3Ki5N2PBeKlztSPd9N8T6oZR5mq3jDHe4c/1&#13;
rp4vEV6VAW+nY4/56tn+deV6FqCXQ8yOTpxXS2N+PMB83DKcYPevm6FesqyjzO3qddOq0jtZdX1A&#13;
xbTfXAJH/PVv8a4+48R6tFfSRjV7wAf9PD4/nVxtSuHk8tUyT+Vc7qm0XTvkb8ZbmvfnVlKKabIq&#13;
1WlcunxTrAfH9r3v/gQ/+NWG8S6uVB/te8/8CH/xriprtknG1mCtnkjqanj1HMQJbNcrlPdt/ecD&#13;
xbd1c7iz8Rao2N2q3Z+s7f41prrGpEf8hK6/7/t/jXC6ZO80gwa3TdtHhTWyqTavdmlKu7as07rV&#13;
9WQFhql3/wB/2/xrPk8R6vkf8Ta84/6eH/xqnf3L7Mg8Vitdb2IZqcFN9WTUxLXU2LrxNrShtusX&#13;
3/gQ/wDjWXL4q15VP/E7v/8AwKf/ABqhcyyup8qsO4a6DlWPFXKNRbNnHPFzWzOg/wCEu15umu6h&#13;
z/09P/jTZfFHiRSCNd1LHXAupP8AGuZhkaKT5m4qy94o4z2q4KUluyViJyV2yxe+MPEockeIdTA9&#13;
ruT/ABqivjDxO8mB4l1XGf8An8l/+KqleyJJnaQDWe5aCB5SOcda83FurG9m/vMnVk5bnVxeMvEh&#13;
dQPEWpEDj/j8k/xrVj8Xa4qHdr+o5/6+5Ov515zpVyxYyM+c9BW0kp2li3I5rzY1a1rtv7zppVpW&#13;
3Oyi8ZazFh21zUD7G6f/ABrP1Xx1rpHya/qCf7t1IP61xt5qMifPuOPSsa61YyvhpCB6ZrJVqnPy&#13;
8z+8iriprS50938QfEkXA8S6p/4Gyf41iXHxC8WNJhfFWrge19L/APFVyWvasI4N8bcrWDDrH2gh&#13;
w/619Fg51LJNs8qtip92ep23jjxSRufxVq5H/X/L/wDFVHf/ABE8UWkZZfE+rHPb7fL/APFVwcGo&#13;
sRtD8Vn6tqLu3lK5wPevRxPNGFrnPTxs29Gzfvfif4vZmkXxlrS+39ozD/2asWf4veL4SSfG2usP&#13;
QajN/wDFVyWp3DQo2ejVyV1K5dlRiwNcWGUpS1bO2GJm3a5//9D9UqKKKACiis+7vMkxRnj+I1lW&#13;
rRox5pFQg5uyC7u85iiPHQmqfJpKK8GrWlWlzSO6MFBWQ7OBikyaSis7ljgfWkyaSii4C55zSZNF&#13;
FFwFyaB60lFFwFJ9KMmkoouA4msPxN4ptPDlqJZwXmfiONTy3ufQVtV5J8TJJm8R7JCdiRJ5f07/&#13;
AK18zxbnNXJctlXoL320k+1+v4HoZXhIYzEqnPbc1Lf4j6vPLk2tuqZ+7z/Ou10XW4dYgLquyRfv&#13;
oT+orx3T+orr9E1VdKmWbG5ijALnrx/LOK+R4Sz/ADDF4qFPETclJ218+x6ecYPDYWjKqly8qudz&#13;
qWpRafFliDI33Vrx7406r/xSvmzyZeW8jVfrhj/IGuoudQmu5mnnfc7fp7V478ftXaKLR9PVsKzS&#13;
zMPcBQP5tX6NxdCOEyLESlq2rfe0v1PyvH5m8Re2kehw39p/7VRa0ZJvDWqTuSEFnMR7/IaoaTbv&#13;
dkTz8QjoP73/ANarniq4C+GNUVcACzlAx/umv5uwtJLE04r+Zfmjgo1HKSbLvgC5/wCKJ0Tn/lyi&#13;
/wDQa3/tPvXFeArojwXow3dLOMfpW/8AaT/eqMyo/wC11f8AE/zOipV95o7TwLDJqPivTo4wSIph&#13;
Ox9AnP8AMAfjXv3n/wC1Xlnwh0+CDRpNaZQZ7pygP91FOMD8a9A+0e9f0z4X5C8qyWNafxVnzeit&#13;
ZL7jiqYn3rGmbjHOaPP/ANqs0TsxCjkngCtu38M6nPGJGeKMkZCuTkflX6NLlh8TLo+1ru1NXII3&#13;
kmcRxKXZjwB1rUh0G/lAaRkj9icmtHRNH/s6EvOFad/vEc4HoK1e3WuOpWs7QPaw2A9xSrb9jlbr&#13;
R7+1QsFEijrs6/lWaZ8HGMV3h5rD1Pw2l7c/aIZhCGHzjbnJ9RTp109JkYnASS5qOvkYCzM7BFBJ&#13;
JwAO9dNpOl/ZkE04zKR09KNL0C309zKzmV/4SwxtrV7c1NaspaQ2NcFgpU/fq79hRQaKY7pGpd2C&#13;
qoySTwBXMemIzLGhdnCqBknPAr5F+N37fnwH8JeKLj4eyeMXeS1fyryWygaZFfurOOMDvjNeF/tn&#13;
/tqfHCf4033wF/Z/8qC1061C300dos1xdStF5jkM2QkaoVwQAc556V8U6P8As5+LfGNjY6/beIbA&#13;
vqsDXlwbgODE5flCQDljknt0NfRYbB4TLqccTmc1FS+FfK+p58/bZg3Qwqvbe39bH6yeEPGvhfx7&#13;
oUHiXwfrdtqmm3I/dzwNkZ7gjqpHoRmtrd7184fsT/C6T4WeBNX0641Vr6a9vUmkYArGpCYwgP6n&#13;
vX0XuNd9KrRxMfaYeV4PZ7XPmsXQnhK0qNTRrc53x/8AEjwn8M9EOveLdSFtAW2RIo3STN/dRe5/&#13;
SvLfCX7Y3ww8T6/HodzFe6Ss77Ibq72iIntuIPyD3Ncj+2B4G17xn4q8E2djdRQWt601irzMRHHN&#13;
y+WAyeVGOleD6D+zT8TtZ8QS6ddWMen6bb3LxPfzHCyxqxG+NTywYDI47ivHxmZfVazhOSikr6u1&#13;
15d9T18DlixWHU4xcm3bTWz8+x956D8VPAvinxBL4Z8Oa/FqV7BE00ptlZ4kAIGDIBtzyOM+tdXu&#13;
PvWD4Q0Ow8O+HNP0rT7SCFLe3SP93Ese4gY3EDjJ6mtnJr1qE3Vpxm+qT+88bERVKpKmujt9xzfg&#13;
tiLzxMf+oxL/AOgLWP4f0XTvGWnSeIfEN3dS3txLMFjjunjFoqyMqqqqRgjbyT3qPTvE1nobeK1F&#13;
1Zi/GpyvBBcTiMOSqgEk9v8ACsC00fwqsk2oXfjyaK/v2Ml+1jeLBHMxOSoXHCjpwQfU17sacleS&#13;
bTdrNK721+R81UrRXLGyaV7p2S30fqT6j4mmXw99kv8Ax1LpL2Woz2cF55Yc3SR4+9wckA9fUVkW&#13;
HinTY5S2ofGe5lTHAjtgpz/3xXZwaj4BtrGHTY7vSjbW4xGjurgep57nuaP7T+H3/PXRfyjraNVR&#13;
TXI/uX6r9TllTlJqXOvvf6NfkQeJLq31bT/DM1neNcQz6lCEnZcFxscbiMD+VXPDnhn4hW8FroGk&#13;
alpUwjHlxBrZy2M5yeaparqOma7qvhrSdDvba5nbV4QkUTg4GGHQdBX0h4W8M23h61ydsl3IP3sn&#13;
p7D2ry8djfqdJRtq72TXmz1MBg/rtZyvorJtPy2OP0DwT8VtBVpLbX/DLTSD5neymJA9B81dd8PP&#13;
DF94Q8NrpWpX0N3dNcTXMskKFELSOWIAPOOa+b/+Cg37Rfxd/Z88CaHqPwus7CIa3dS2d3q9xD5z&#13;
2LhQ0Yjjb5CWAf5mBA29Ocj82YP23f2rre/k1NPjh4ieWUMGR3jeLBBBxEV2L14IAI7YxXnUMDis&#13;
0oud4pN/PT0R9TSw1LCyTjd2TSu297X/ACP3b356EUob3r8+/wDglVZfFnVtH8WfEPxT4yvNS8M6&#13;
lP8AYre2u71riQ36FXkmwxJX5XAP97cOuK+/t4/vV5GLwqwtWVLmvbqd0avMrk273o3e9Qb/AH/W&#13;
vg79tf8AbM+Pvwt+JNx8Mvg54ZtLW3sLWCa51i4s/tUs0kqB9sSsdiqoYA7lYk56d8qVH20+TmUf&#13;
NuyKi5T0gm/TU++A3vQW96/PH9jH/goX8Rfid8S7D4P/ABi0rT7i81fzI7DVLO3NvKJkUsUljB2E&#13;
EK3KhcY6Gv0HD+pq8VhKmFqclT102YlUJ9+e9AJJwOSahDEnC5JPTFa1jZCICWUZc9B/drlk1FGt&#13;
KMqrsh1naeWBJIMuf0q7RRXM227s9OEVBWQUUUUigooooAKKKKACiiigAooooAKKKKACiiigAooo&#13;
oAKKKKACiiigAooooAKKKKACiiigAooooAK5r4magNI+HPijVWBIs9HvLggeiQs39K6WuJ+OAkb4&#13;
MeO1iALnw3qQUFsDP2Z8c9qmTai2hPY/P7xz8UvDU9ilpp9rc36XkH2+I3ztP5c0q5aIow4I+Zcg&#13;
8BjXl+h+O7prHVtCubmygsNRvIWlkuLZRd28OQrLBKUJBK5+Ugfjjnzu4vtat51uriFrZ7ddiyPd&#13;
7lckDcUH19PTp3rOXV7rXbqEefbGXzCyHyzH6cOVHzY4r4uvisRia/taqV49jiiraHrD+N4dIgTw&#13;
Zoixrp2nSFvtF2iRT75CMkyp1Kc+5A+gFvRfE6x66l8PiBqlhptvL58yx27/AL2LaD5AIbALnKnc&#13;
MBTnnOK8it9KlguZzqF0Em4ZVz5kcjdRk54/WtrS9Xu7rSPKjurJW+0YlXl8KAcluDjj8/aueVeq&#13;
pqrGTbXQdSC2Z13inx7pGs38dnY6bZaFo6bmWOP975c758uVierAEg+mSeuK4/xtYabo97Db27wT&#13;
uoMkt3b7WWY7SFKlRhlBHJwD2xmmRtb30pk0yO3luFkG75N0ZZSCMgn6HFc5rFlqtilu7QMVkufl&#13;
WN8+Y+S2Svp1rWNZ4h2qvUjrZHUQ2nhvW9DJEzw39tI8udwMKQDGExjJOeScnHpXu37Mj3fhC38U&#13;
XFprtvp0NpLbzXE0cCFp4ivymKVxlc5Udf4jwTjHzVpdlFk3Mt3c20jDa6qCgCnsSM8exFdR4Zub&#13;
iOaexk1AIEdUUyf8tG/hT5uGPHH8qzp4mWFlzJ83kZJNSsfQ+v8Aj7Tdc1jxJrFndvbz+I5DHLeX&#13;
qoUMKBV2GMgqcFSQx55wDmuSstf8ZvoWuapC2nazB4fiEV/c3R2mGFyHhETKwMigouBxzgD38xnm&#13;
a6MkEl3NawyFY8zN5pjI5YoUYA4GcjoT6UsPji90GxuNEXUpLnSTttrm3Rdqygg/O2BtLr8uMng8&#13;
jpmlhsdUbbm9XfbTdl1HeNjH8NX1xFJev9hMrSyFY3dFDKd25gCO/IyAMkHrXts2ua3ZRW3h7ShH&#13;
qPiOWBTFcb3kuIISpZ7Vg3G0Zzg9OCDxXz/pE0sV7usBLHFEX2yhtpjO7l1YdDgj35r0P7TqcWpR&#13;
3Ggaot9cySxxM6SBnmnYjjcSD1IGc9uayrurBpwutO5vB20kjrfB93odjLew+I7ttJtdBUXFwsMQ&#13;
8+7csCkMe7O3DdQT157VPqHxL8R6n4jl8b28pbUIpzLl33bYSNqIc9WA7ZI5zXl2seJbSRNQhnsP&#13;
Pu5LkMk/G4ddwf3zknHGQMetB1q3m0mHyrOWFC5TzXJA3jkEH049O1YudaEVGEmtbmrqRj7qPpPw&#13;
38X/AB3ZalqOoXs63l5fwDbArKFSVMANtxkAKVzj19jXsGk+Otf1kRtYQrIFQJcDIUwz91OR0xg9&#13;
OM18TaLqtxawJd/bZUniO/zlUknpwCe3fNdRpfjXW73SNQ/snWtU/tYTeYs5k2kIQRhuOckg5xkY&#13;
Nb4bP8dh241Kja9Tah7GfxQTPshdb1yeV7dSjMihmUSrkf8AjtNa78QRBZbfTknlLlXUyqNqbc7s&#13;
4557V8G/Er4nfFvwvJBqVl8RfEKadKgjdYZ4nIfb15XIB/IGks/H/jy++GWueLtM+ImuajrNn4is&#13;
NKg1GSRLd/IliV3iUOAFG7j5hkkccGvpqWLq4qj7eFV2N28PzW5Efc2tfEW+8OajpthqM4hn1eZr&#13;
ezRZAdzKu45+XgYrN+IPjL4s6L4eutS8JeFjrWpQzW4hsjcKv2hGciUhuApVefxr5Ev/ABJrralp&#13;
rXfiHU727W4Aiub2VGmiP3SVIAXv17gVgte6zq3h+/v/AB/8QNXmXStfl05L+W8BeGJrcuqgRDDM&#13;
SFITqSQMiuDA5viMTKdqj0/zsOE6E5OLgj6u0T45fFOTEXin9nnx7YSYwXsb2xnQn1AaRWre8Q/F&#13;
vxPZ+H7m4sdO1vSrj7NL9nXU40QtcbD5cfBxknHfHvX566Tp+t32p3dm/ii61SL5Utpra4Zkd9+S&#13;
oyF+Yqozzj58djj05tKfS9Dktjud1dnQq5d9pwTnP8vrilmWeVcMvZqb5vUVqbTaR6l4x+LPizxp&#13;
oFh4b8X6Bd31zZmNpJra9RGdgMlmDYGPu5GexxWd4t+IGqeLJIrzUr65hvXt5NKfz2CxC1CjIYJ1&#13;
IYA4PtXmhFsZoblp2Kvg4fjcuOoB579O1VG1a1s7qAi7ks1wUViu4rwecHj/APVXzcswxVe95Nt7&#13;
nI5xT2O8vviZr1/4V0TTZXtYn0SAwW1+js1wkfmZAZc8c9OvWuJ/tm31HVLq9fUJJZ3lLv50hLGT&#13;
+8QOc/pWXq2pW6xK/wBsmuWdw3nqqnPtxx+fNZ2iS3P2x/7OgJ81RJP/ALOegyBwM9PrT5aleMp1&#13;
HqZup06Gxaf2s93FNaxvIElMi+R0UjJz6k9fesG8s9S1LxA39lgSG4JnQ7xGMYyc9twBPHGK6+9W&#13;
KwsftEl35Eq7HL+aTsJHIYD36Gue8H+IL6HWv+JY0D3RaWIyHLR4f5QCvvuwCOlaUZbuK2Ik1Nln&#13;
RNQvFklt72SdDApiZmyFl798AnG3p1xW54i0++v4xFaW90SkJmgvMnYdmCQF9+eewzVS41C/8NuI&#13;
LqKGDUHXDLlZMSgAAMFyBj3P1rpvC+vWOoeHdWS71SytLuxHnEs4Dyu+F8tWJ4TJJ+XHGainzqtz&#13;
QjqXTjF6HNajZX8en6ZqFzawRAxMVaMNuBJYEuhzggjjPODWRd6Wt5ZIGvYpmMgjjjWTcxB7hcA8&#13;
dx3rovFl1Y6ba2kMviC5S4md97rMv3OMAkDkAgkeuAM81wUul+bdJLZSxz75PKKQuEfDZwdoPJJx&#13;
njjNXSp88vfdncwqRlF2N3UdC1S1gm1izS6m0u51OexinuIwC8cKoZGwTlc7j8vt1Nang7wbcai5&#13;
v18O391vL2tnBYXMKiSQAMRsb53G3nC571wNlDbaIbHUtd1KSCKS5MzRs2BlWIBAb5Tkgg5AOMjv&#13;
XqOv+O/AvimOK60jwv8A8Ivf20W+4Fm8ccEso4E0T7g+4g98d676vuR5oK6Gmm7nR+HPh1qPiO3l&#13;
Wy0S9sLhInvPs98phDxqNrod4GQpw2RgnGBUNpYSW+lahDC2Al7ab4hH5ccbLHMG2jtk+tTaX8ZN&#13;
T8OwGHUfEM+qagtqI4Ev40mRU/ijc/eMZjwCPXv2rzmD4iSab4e17ULqOCIXWp2NvHFb/dXMdy3y&#13;
j044pYClz14zjdNX0fozSq/ctHc9ZstUNnp/mMwG0YzmqcPiBbuZlD/U5ritDvb7xTYmWW5MECrn&#13;
b0JpIbgWjukMnC8Zz1rtr1LppPVHIqyinG+p2es6oqRAwPlgOua0PhzqU99e+TctyOme9ebRanJc&#13;
zFGfIzXc+EbmPTr2K53AHsKyqQdShY8LETs79T6G0PU00lQhkB3cY75rqbO/kaRJiMBjnmqHgvwh&#13;
ZSzJquvypcxIiNCkR+WQyIGUk/iQR6rUWl6na3Hm2c8giCE7Seo5r57E4eWFUaklvf8AA7aFTTlZ&#13;
6ayR21j9pZQQV3Fs9OK8puPEP27V7poiWQMQQD0ravfHP/EkmspyAkKFS4715/Bc2xg+1WjAGRjy&#13;
D1ruw0nUfu7E4qfM0onQW+tpJeNFchmhQfICOhqzJfQqcLgGuGutbjtZ9sz8n0rRs9Tgmw6tn8am&#13;
UZOdkecm9UdtpmspbSAvjFbcWqpeMAhrzk3paQAGuj0K6VSAW6c134ajJq0tjog9LHSX14sMJWQ4&#13;
rl7zUViffnAJq3r+qRCI7cZArntJifWro27Kw5oqL2UrJnPVk5S5UX18QQqSpINU73VxJllIo1/w&#13;
qdI/fb8AjjmuTu73ZA5WTOK1pyvLlbOOrUnRjaSNCPUbi4nZQCeam+2SCTax/CuS0jXS0rHnqRzW&#13;
ub/cfMY4q+WCjpuYYat7SPM2XbiaQsSKqyahN/qWGVbg1Tk1eNpPLHLVe0HSdW8T6tBo+g6fJd3c&#13;
zcIg6AdWY9FUdyeK5a9BVtUdavJ2jqzQWxWO0WWM4IGfxrT03RfEWsw/8SbRru9/vPHGdi/VjwPz&#13;
r17QPhn4Z8I20c/iyVNW1FVB+zoP9Hib0x/Gfrx7Vw3if9of4m3HxTPwt+FXgrT4rXSEt57zU72F&#13;
msnjYAywB48CKVVKkDDZOQQvBPdguG6uJV6jsj2VglTSdeXL5LV/8A5bXPh94wtHWK6tIopJDtCL&#13;
J5jZwWx8gPYZrh9b8N63ZoskrLCH4VpYpowT9WQCs344ftSav4c0S/8ABl3Het8TPErtpllFaW0k&#13;
VrbN9p2QMk3y7iY2DKyknJ5Ar2DwDqFr8IvhrpuifG/4m6Xcaso868n1W8jKh2Y7UTfhmRTwCQTw&#13;
efT1ocHYSCUpybZz1KFGTdk7d7r/ACPnHxNLqmlFodQjAZlyAGByPXHWuR0fxPH9pkt3kH3jxnpW&#13;
p8T/AI52978Ub3V9Gt9P1nwibqSC2iVEBDRquZY2wSBubcAeCBjim6Do0njyyl1bxF8M/EFxpklw&#13;
0UGvaGhMsDEA8HB8xFzkq+QOmVI47K3Czw8FVoTuuztc+cfs61V0aT18/wDNX/GxVHjrdfm0hOQp&#13;
wTmtiDUhNKJJDkHk1ifEj4E+OvgtqMV/qzjVtBvWH2PWrdD5UmeQsg58t8dicHsTWbpGtwy3CQF8&#13;
nGDXgYmlNppnjqliKWKdKaaaOg8U6tZ7I44OcY3Yrlb3UIoXDoOveqXifUZoZHk+zSCDeUEuw7N3&#13;
93d0z7Vi211JesgYmQA8gU8Hh+V3PoNZWZ//0f1SoorOvL3OYom+rCsa1aNGPNIqEHN2QXl9nMUR&#13;
46Fqo8596SivArVpVpc0juhBQVkLz3pKKKyuWKM9qSiikAueMUlFFO4BS89qSikAUUUU7gLk9M0A&#13;
kUh45rI1TXZLa6XTNNtDdXrDcVzhUHqxrSlSnVlyxMK+Ip4aPNN6bd232SRsZPaua8Y+EY/EcCSw&#13;
usd3EMIW6MP7pp7XPjC1Xz5rKzuEHLRxMQ2PbPWnXPjLTotMF5HkzNlRAeGVh1B9Kzx+SQzKhLD1&#13;
oqcZaOzvZ9PRmVDOaeFn7RtwktdVa68u/oee3Ogavorhb22VWb7pEikN79c4qS2R48yStmRv0HpT&#13;
r7UbnULh7q7kLux79APQe1V95oyDgjAZBP21JuUv7zTt6WR8/nfFuIzdOlZRh5bv11Zd80jvXmPx&#13;
m0M6m+lao/8AqLcyRSDuS2Cv4cNXoPmkVX1CzttTs5LG7iDxSjBHp6Ee9etxHlDzrLamDi7SktH5&#13;
p3X4o+XVZX12PCZkZbd0txhgpCAevauIn8bWOsaPruhXZFtqtpaTb4H48xQp+Zf6jtXtep/DXWoG&#13;
aXTdt1CT8ozh8fSvIfjB8E9Y1TS7jxVb6dPYahpkDyyTqMCSJVJZWwfTOD+Ffg+WcK4vCY1YfMsP&#13;
NXatJJtJp6XtdWZ6OFq0JSUZM5b4Y+KNX8Uiw0zT7V4dK0eBEnmYf62XHT/61er1S+F3grXJfAei&#13;
z6fobiK4tll3IqqHJ6sfevQ9F+F+rXUyvqrpbQA5YBtzkentSzHhvM85zOVPBYSUYXaV00t9W2++&#13;
4sXiaaqO1kkd38LS8Pg+2V8jdJIw+haut833FfMn7UXx68bfA2y0fw/8MvDFhe3dxbPcNLesfLii&#13;
Q4ChQQWYkHvXZ/sxfGrU/jn8LovF+uaKulara30+m39uhOzzogpLLnkAq6nHY5HPWv6cyHAf2fl1&#13;
LCOSk6cUnZ63Ste3Y4K9GtTpRxEo2hLZnt1jf/YruO62B/LbcFboTXQDx/dD/lyi/M1xfm54o8wi&#13;
vQnh4VHeSMqGZV8OuWnKyO0/4T+6/wCfKL8zR/wn93/z5x/99Gvkz9or9q7/AIUjqGm6JoPgDVvF&#13;
l/dhpbn7LG4ito1bbhmCnLkg4HoOeor174beNYPiT4L0XxlpunXdpHrNusyWtzGVmjOSCrL6gg/X&#13;
rRLA04JSa0Z2vMcdGKqNuz22PVk8eX0jiOOwjZmOAATkmuusHu5bZZL6JI5GGSqknHtWB4W8Lpps&#13;
Yv78A3LDIB6IP8a25tQCHEa59zXlV/ZuXLSXzPo8B7eEPaYqWr2X9dS9RWP/AGzMjfOikflV2HUL&#13;
aeJpfMCBBltxxgetYOnJHfGvTk7Jlh3SJTJIwVVGSScACvJ/HPjltWd9J0iUrZqcSSA4Mx/+J/nT&#13;
vHHjh9WZ9L0qQrZqcO44Mv8A9j/OuK217WAwCjarV36I8PMcw570aL06vueIar8M9G8D/FbxR8Zo&#13;
77T01LxDp9vZwJdZJR0+WRgMEnKKg4HY1wl+bS81V2UW0AlfJ+zxeXCCepCgcflXc/GG9Nz4pFqW&#13;
+S1gVcehOSf6V52ZE+9gZHevrMVkX9q4WmpKMndN8yb07KzVmfheM8Qq+WZ1XjGU4xhFwXJK3vdG&#13;
0000n6H0h4D0nSdJ8N20Oj3C3EUg8x5VbO5yOf8A9VdETgZYgAetfIfiT4u618MdBlvNGvtl1OrQ&#13;
28TfMm9hy+3pxjNdN+zL43+L3xKh1zxT4x8Sm40LT4HtoYfs8Sedcldx5VQcKuPxYehrzK1GjgMR&#13;
HBUtraJdF5n6DkGa4jiHLXmeIi4u9m39ppbrudVrvxv0XUPFDaE9lax6ZaSOGvrhSz714ygAOOeM&#13;
+lc94x+L0OnT2L+Er61vFO83CvE2BjbtHIHX5q8aS8ivppJYzmRnJI75JrpNW+Gniey0G21422RK&#13;
w8yEZ8yJDjaxH+cV7+acL8O4fMMPj8xnZ25VGTTUnbqmm79Twcq4u4oxeBxOW5dTdr8zmk1KKutE&#13;
00rW8u59G/C/4s6Z49gNhcJHZ6rCuWt93yyL/eTPUeo7V38jrEhdzgCvj3wF4P1/TvH1r/wkk8+l&#13;
2VjKspuoDh37gL6Z7n0PevqO512wupMLfQkfwqrgn9K8nMsVlKrv6lVi4pXavt5H0mWYbOo4dLMa&#13;
T53onbfz0EvLTTr2dp5tNtXY/wATQqSfqcc1h+JTY6NpwurXQtPmmkmjhRJIlVcscAkgV4Zo3xg8&#13;
fn9pO68E6lqRbQEnvglp5CA+VHbSSxkNjdnKKete4+Of+QTbf9f9t/6GKnLsZTxjXs3dJ/h/kwzX&#13;
A1cDH96rSav6eWvVFX7B4m/6Fbwx/wB/G/8AjdWLHQvGGp3aWdn4Q8MySyHAAkbj3P7vgVt6lcXV&#13;
pp893ZafNeywpuEMSkswzz09Otep/C+Gzm8LWeuJZvBc3yFpVlHzoQxBX25FVi8xWGheyu9v6ucW&#13;
Ew9PEYj6vzO6V3p023ta5zHgjTtU8GeK9I0HxF4S8OxTayly8N7YyNJJG0KBiPmjXaPmHSvX93vX&#13;
BeKH/wCLneBjnpHqv/omOu28wf3a+exk5VuSo1rJXf3tdfJH1OBSoKdGL0jKy27J9PNnyX/wUF0q&#13;
61LSvCT3FoZ9JWS7iuAwzH5zCMxgj12rJj8a/PT4gfCu1vdGjh8FeGoDqLXKnbEQrspBG0ZODyRx&#13;
X7SeMfCPh3x5oFz4a8Uacl5Y3IG5DwVYchlPUEHoa+I/iX+znrPgr4pWml+B3mOmOkd9bXlywb7O&#13;
VbkMQBkhhwMc18XmmOxHD1b+01U5aaabTbtp5X1PuMtxWDxWFeFxCSkk9dNt9H3Poz9jD4Lan8Bf&#13;
gHong3xAqx63dSSarqkSsGENxNtzHkcEqiopIyMg4JGK9y3e9ea6D8Vw9vBD4hshHPtAlltzlC3c&#13;
gHkA+ld3Y6pY6nbrc2Nwk0bd1PT6+ldeW8V5ZxJOU8JWUpbtbP7nrY+YknTdi/vP96vz4/bV8H+I&#13;
9O+MOo+LbnS7j+yNXhtTbXioTEWSBI2QsOA25DwecEGv0A3ivOfjx4v1Twl4FNxo8gjuL26Sy80q&#13;
DsVldmIB4zhMfjXr1cteaOOHi7NtWZMuIIcN0Z5hWjzQhFtpbteXmfnh+zH4c0Wx/ag8JeMde1C1&#13;
sdP0xLlombCYuGjfBdumMM3Jr9TNB8R6H4ntftvh/VrbUIc7S0EgbafQjqD7Gvz7tdJ0yxdprPT7&#13;
eFm6skYBP41q6b4r1PwbN/buk6xNp0tuNzSxOVyPQ9iPY19ZR4XrUcIliKycorTSySWur3PyXGeM&#13;
lLMczisJhH7OWjV7ybfZLT5H6N6fp4gHnS8yHoP7tXx+Vea/An4m6V8TfAtnqdp4otdW1GNAL0RJ&#13;
5TxP6MnUfXoa9JwTXxU2nJ2aa7rb5H7thdaUZODi2k7PdX7+Y+iiioOgKKKKACiiigAooooAKAQe&#13;
Qa8j/aiuPGFn8INUvfBt9NaXNuySXMkDFZPs4Pz7SOR/hmvL/wBiz4u6r4hXU/h/4m1e4vbm2QXl&#13;
hJcyF3MWcOmTycEg/Q07aXA+rKTcM4yM+leP/tMfGC4+EvgYT6O6DWtUk+zWRYZ8vjLSY74H64r4&#13;
n/4Tb4129lF8TP8AhLteW2kvTaJeG7bY04G4ptztIwDxjFCVwP05JA5JpAQeQQa+A/8AhZ/7SPx9&#13;
gGleGJbpINPgVbv+zT5AlbH3nfOcn+6DXLeFfjl8Y/hJr1zYXOtX072zPBc6dqcjSor9M/McqQee&#13;
DT5QP0lLKvUgUtfnT4rf9pfWNE/4Wdrt/wCIE0yQCdJYbhoo4kPRlRSNq8jmvUf2dvjh498f6L4g&#13;
+GGra3NLrB0qefR9UP8ArkZV5Vj3IyCD160OIH2LRXiP7KPxE1fxt4CudM8UX011regXj2d1JMcy&#13;
MOqlj3PUfhXL/tffFDxZ4ak0Lwf4C1G6tdUuBJqdy1q2HFvH0B9ick+y0ra2A+lqK4/4SeNYviD8&#13;
PNF8VJJuku7ZRP7Srw/6g15V/wAJz4s8Z/tUJ4R8Pa3cW+geFbQnUoYz+7nlIyQw78soHpg0WA+h&#13;
aK8C8S/CX9oDxh4h1C7n+MQ0TSzO32K205CpEWfl3EDOce9cb4sj+Pv7OkcHjG88dyeMPDccyJfQ&#13;
XIJdEJ65PI+uaLAfV9FfP/7TPxG1a1+BGleM/BWs3Omtqt9Yss8DbZPJdHfbnt90Z+lcjYeIfj3+&#13;
0LBE/gPWz4X8N2kUcD6g/wAs13MqgSMCBnG7PTFFgPq6ivm/xr8SPiHpWo6D+z/8PtTGreMksohq&#13;
2tTrlYRt5cj+9jDEnpkdzRcfAj4+adanWdK+PGoXOsRr5n2ebP2eRuu3B4AP0osB9IUV8+fDv4t+&#13;
MPib4W1nwlqFs2neNPDk/kajHD8hlQMV3oOo5GCB+HWvWfh1beI7Xw+sfiSV5Ljd8hkJLbcdyecZ&#13;
zjPOKGrAdVRRRSAK4r432jX3wZ8d2SHDT+G9SjB9zbOK7WuQ+MMV1cfCbxnBZW7z3EmgX6RRR/ek&#13;
c27gKPcnipk7RbFJ2TZ+MPgzRbC4TS7C816WKOK6dJUlj3fuvLJZV4yCWGPXnrXVWfh/wYN2lC2h&#13;
uJrnM7lg4dDkfKgwACOB7101j8DPiOt2t7F4Dv7GfAKySSRpsJ5ByX61uRfC34oWF0NT1Gwiihts&#13;
PJIt7buxTPzAKGJJ9h1r5d42g237CSZ59KpUm1+6keHeMdN0oaxa6Z4ckWEmIf6Q0imUyA9JFOMY&#13;
4A9cd64bU7bxZ9t+wsl39pnGTFAmGk7byF4xjr2r6hvP2Y/FGtsl3qFtpEN0TlXbUIywHZsKeevA&#13;
rGvf2WfiJqmvPrUWr6fA2lv5FvEltKyThFyG+XOQ2SOo6VpRxNGbvyW9TppRdR3qRcTyLwFpurad&#13;
rvkata6jA6jAkS03JnjOScD2yMmt7UdJutbvI7i1hiuLMHz2iRvLkhk2kY9s4zXqemfs5eNXa0fW&#13;
Ne0WH7SplnZ4JoxbHAO0hmAJycZrWh+CX9hyRQXXjnRi15qP2EPbkHarISJ2+f7oxjnueorGX1d3&#13;
nKN38jplQowd6cub10PH7PwdeJaPqF3qAVGVv3UiuGznG3PfjHWqenWd7ehv7T8ReTBpyhoVhjEm&#13;
cnoeRnHGCa+kbj4TeBWcm++K1nF9oUB7dYxNhyBvIYN3IJHHGcc1zVz8H/ghpuqiGTx9dSaZPABK&#13;
ttZSvMZc8MD93HHrmsPrGEUeVqz7tozlVjCTbSXzR4vZaPdT311FouttFBLKqTpLb43hmxuRfmIz&#13;
n1FdHDoVjqPhafTuI0W68oyqREdwH3X3cn6nBr0WPwn8A9BYnTfEPjCeUEN5nlqrsFydoyRwTjvW&#13;
VHpHwMs703a6b4suJJnaW6LXYjM8zEYbnIUDkYGc5rOFTBW+L7v6Zm54aWspJGD8O/AWrLrJF7ba&#13;
bbaT9he4Q6g7eWY3QhZFVchiGXbg9COa6/VPgfqN94nC6P4s8OWlncyp/aLtqCeXab2+Zk2RgDIH&#13;
GckEjOamg8beAV0V9Kfw9q14ymby7iS9QLF5gAIC7Dx8oOOzZPemaz4z8IazbSWUvwwilhmSMSLJ&#13;
qEhWQryGIVeucMPQgU54rLkkpNtobqYR6ORheKvgt9i8T3GneHZrRNFlu2tLW7ku45UiLHCgtxnO&#13;
R85wBkntXmsnhHxNDpV7KZYrzTNNvWtZ3a4DiMq4UNjduIO7g4xzXtumeOPsFmtlpvw60WOJZI3V&#13;
blpZcbM4BDtyvJ4/lT7fUbcNJ/xQnguJJwRMos2CS5YNlgHGSCoP51y1Mfl8XzOTInWwzk1d/ceM&#13;
WjX0MSrBpV9exF2jdY7aSVeOigjIU4I5NdD4Z1gDStR16xtblLDSZ4reZZozGwkckYGeT35HpXsV&#13;
hq9uokjh0DwrEH58q2spEQnnniTg89faum0fwvqmoadKum/CfS5rG7kSWZI9JcJK6fdY5bk5J6Zr&#13;
CVXLMTFqEZN+SYqM4Rs03b0PnrxE+m6hArap4Y1i5tvMwVazZSoZS2QTwVG3rU+hDSYvgrq1tbaZ&#13;
ZA3HirSpEt5OHETwDMjKrH5l3NntxyK+o7Sz8FWebLx7b2dgcfvLFdNlZwuMBcPIABjjpXnPjC2+&#13;
G8t40fgf4ZeFrZnwg1HUChnVRxlFUbVI4PO44r38v+r4LD+zUZJPo9zuVKW6R4beS28VuI5LXU7a&#13;
3SKOQk2rIFURhuGIwqnHNQ+NJopPgRqV3/ZsTSnxjboqRoULhbXOWx1PPWvZZWv7u1msbxtImgk2&#13;
q1tNGjpIq9FyDkD24rS8Nnw2LdPDXin4eeGdQ0SS4+0Tqkgind+VLgMTGSFxjPOOM1OFo4XBT54X&#13;
d+nbW/UPZT1stz5d0e60PwDqmlI+sWGrW2p6WNUWSzEqm2kdmVoju6uhj5PTmvRhrVv4j8Pp4is7&#13;
uK0tYrw22+6YIWdYw23J747+or6T1L4Xfs8TyxN4e8EaBLdyJ+6tjpDtKBjlQY2IOB6DtWNqnwk0&#13;
WTRRp1x8Hrcaek5ulgbTZSgkK43FN3Bx34rizGnhJ4j29WEvl/kiHFwjaR8j+IfHFuJ7nSF2GW3O&#13;
2S5XDKWUjlWXjGCO1NuDLf6S9291v2zmMzOcRQtt556g8jr619Dah8OPAjHZ/wAKs8OGRc7t0E+X&#13;
HocSD2/KsbU/BXh94HtI/hroUcEkhmkhWW4CSPwNzBnPTaK5frOVrSm5L1Ryv2fW54o5MXh+zjW5&#13;
ttl3IscG1gSzk4xn+9xn26102jfDjVnWMafqscdzHC7Om/K7FUndx/F6DGOldk+g6LpdnHap8KLB&#13;
Y7eQzW/2e6mUQyH7zp1GT1Oal0G68OeGbm4v08D6l596pFxnUHw+eB1BAwOAccCuvDYnLYwcajY+&#13;
agurMez8B3+sWd5o9k9lcSwrKQJsq2UQE4I6kkjrxxXnmoabceGJ9bsXsXGoWBVpY0ZfLikJyRn0&#13;
PseK920Lxx4R0iW8zoOsxy3TS7D9ojYxrIoBAwoJxgc1zuraR8JPFdzcXmpyeJ7SS5uZPtZTbieM&#13;
5AXPUPjbzyODW8nlvNenL3ba3Lh9XlG/MeKa74it7u81S3s9SlV9ELLgoXjZA+3G7r944zk5rm9R&#13;
8X2up6FNYvbwyyTFxM8sbqYwqEgx8j8iO9fRml/Br9mx7Kezl1fxTa/ax5VxIoJcwqwZQCIyAdw5&#13;
PcVNcfs5/s2Pbxjw54zv3ma4UyjVb1olELcSkHyTltowB6nNddGrlkGnCS+8E4fYkjxT4p6rNoXh&#13;
PwElmkW2+0SPzYyu3BEabWXuB83SsTwn4g8SSeNvA8pu4UOp31o0wigVC8a3YDAnvlUbOPWvrLxH&#13;
+zH8A/G1nYWd18X71YtLtltbMRz2/wAkagAD5l5+6PrismP9kTwD4Xe38Waf8Vb+7bwjHJcWUbJa&#13;
MLrAMmHCHK/MdvGOma6YVMHNSs1zNt7o3sptXaPn34+6ffJLouiaLBcXFo9q99M0ceWYvPJtU4zh&#13;
cZ4FeYSWniyexMNxbak1vGcorq2FI+ozj+VfcN3+z1rfiXRD4pufEEFuba0CWdo2nTq80KqGX5o3&#13;
IJYs2OO1c3qn7MPiS9nTRYvH+nW8Op2jyC5bTb7/AEQKE/dOCAGZi5AOR901th5RglGMVY6nh6El&#13;
zc2pi/sw+F7HWf2d/E91qIkD3HiRrUvkFmjEERKkkE4BIPFeI+HrybWPDPiCKXDfY/EVgUZgAdnl&#13;
XgAwOO3619ZfDj9nvxn4U8K6j8ObXx7oX2e1vv7RW8NjcItz58QVlwzYXZsA4zXk3jH9nDxF8C/C&#13;
V3d+IPEmk6rHrmtWnkfYRIGTyobkneGHfeOhPQ1FdU4RqVFul/wDgxsVCi5LoQ+FtYW2stixlgVC&#13;
4A4FUdQnkmuHjizHv5I6Vt+GdGMmivMkWD2rDmsJpb9ldiuDgkelfEUcepVJ0z5hy5byuVtPvktr&#13;
rY0gcjjOete3fCLwdfeKL6O8TypBY3sMFzYzRktKj53D0BwGAzjnHIryW98HQxRRXscmzPOP619U&#13;
+GNR8P8AiTSdM8daXdzaX4ge3W3vZbXYIrmZcKfPQE5GRnJwcd+leosQlRbW6OWcqbfPJ7HqGsRz&#13;
R3On6V4ChgjghtmffIp5ZcIqOoH3hhhyRivJ7jU30/VbqGSYs0czqdwx8wbnjtzmrl/48u9T8QtB&#13;
feI4tHfzIldyy5kKZO4gnJUg8AkZznPSuIuNRnvry5knnjnneV3eRCNrsSckY4wfasliKeZU3h3q&#13;
4b6NPVd+q9Fpaxy0pXrTrR2f3fd/Vy9418WSuIktm8sONsmDw1Qf2rBpdjCHzuZAyj3rzTxlrMcN&#13;
xbqbjaxkwyk9K9U1MWHiPwtY3Nu9uk0Eag7ep4q8PhHQSs9DplJ2UrnF6j4mJvGhnYKW5BPauk8I&#13;
3lxqG4xTqwj7A15h8Sozo1ol8jeZNMcKq9Qa7L4Lrfz2Ej6mjQqU3fL1HHU130qaTvJCgk5X7npZ&#13;
vGhI8wYNbGm35O1o29jXmEmt32o6gbezEtw8kvlQxxKWdznAAUda9R03StO8K6THqPiy7eW4aBZx&#13;
a2wbCKy5USPjhs9VrpdSnSinLqbwg6msdjoLGOyuZh9rkX15rUtW0a0uvMhZARxnpXiniD4pyfaf&#13;
9H8m3iHSKFdqj+p/GobLxlNfQPMs3Ucc15uZOXLyxic8q0Y6pXPR/HOqrMxInBUdg3FeYPex3JaN&#13;
Js5J71k614kuzE6PP685rjIvE7R3IhLYckng9a8ihWcZXZ5FTmrVLvZne2L+TKYWIPzdRWt58QbY&#13;
0vX3rjY9TYhJB1YCpn1QCVZHkOO9dWGxqqVbSKp0o0VZHW2+nXmqa7ZaVpEDT3d9IsUMa8lmP+fy&#13;
r648MeFtL+GHh/8As7TVWbUbhAdQvgOXfH3FPZB2H49TXz78K7+H4f8AgvWvjbeWy3d3FGbDRLRz&#13;
y8zZBb2HytyOytXtXwabx542+DdvrevXMEmtXEjXCS3MO0eWXLMCq4BwDhTxxjNfW4OjSh+/a0e3&#13;
+Z9JlNBx/eJe81deS/4P5GD4jn/szxDbeLPEWo2tpp1nb3CxPPceWPmAJbbvG8gA9VbG4Yxgk+Te&#13;
Jv2mfB3hvxR4a0Hwz/ZOtaZ4ndgt/bapBbw287NkGQseA3Jzt5yOecV5Z+2T4M8ba34ugub6Sea9&#13;
vo/s0DMcRWNoflIiUHAZ+ckds/3q8JtPgZpuluhvZY3+0TmzsWtwZZbu4A5VVH8AwcsRjggdM171&#13;
WvRw9FVZv5Izr41027x18zH+IvjnxX4k+Pev6v4LvtR0uGfWZZZUlnW5hheJsNMQcxtt2FgQOAAA&#13;
eBVy+8c6D8ZfGmrav8QLU3upRoqx3cNy0FzJFGuFXbloiccnCKMk16Lo3wcbRNDnn1/SlmmvI1tY&#13;
rK1bCrHw0jO5wCW+VfTDHA715/8AET4f3PgL4eXnjWWbS7K51F3trG2jiaSa4Z2KqsQGAMIpOcEY&#13;
5714+Jz2dWXJS92T0X9fI82NR14ci6/5+Z1Vylj8VrXQ/C765q73VpqC6VYyvbW8wjV4gfmki8tn&#13;
CiPLMwJAHOBXvXwT1/TPAHhPVvhpPqWt/wBtaLqE+r3rX9mFgntY9oaJcS4CyINoO4jcQx4Iz8k+&#13;
Cp/G/hL4YeHrLwFpoGv+ItRlgtdQt2Pn75bRzIAvJZyj+WoyMnpX6HfCJNOHg6DxN4oQx6rFbx6W&#13;
9zqWnxWMghiQFEC9xjHJ5O3B6UsNmVZpUpSuk387aX8tehrTwUVL2sGr6r5bXWumx2Hhq+8PeKvA&#13;
9vpOq6XHdeHtdslZbK5iACwOMouMnBAxyDkEcYr4+8Wfs0+L/CnxhsPCHhGG41LSfEEjvpV4wLCG&#13;
MfM6TEfxRrk/7QGQM5FfXN94m0m5sr2S2u0uLjTkJeGJh5g+XcAR1AYcqcYOcisX4U/G228Qx2Or&#13;
xWdxbaXdTC1lku4mia3lkOIJATw0b52kg/KxHY1piXGcHOCvKzsu7OmVKnXnCnXfz626r0/I8X/b&#13;
e8LweBfhV4B8LaNFDBYW1xKJlUjzZrgRj942AM5y3Pcmvknwxqa2kh879a/Sv9rb4N3/AMWPh7HY&#13;
6DEsmq2LC5t3Zm2rheQFBwS3C85xnNfmB5GpWOqXFhcwNa6lpk5jmifrHKjYKn6EV81kOIeJw7Un&#13;
76bv95Oc0HhsU3a0Glb5JI//0v1Avb0EmGJuP4mH8qo5FGBRXzFatOvLmkejCCgrIMijIowKKxKE&#13;
3ClyKKMCgAyKTd7UuBRgVQBkUZFLg0hGakAyKMigDFGBQBBc3trZR+deXEcKZ27nYKM+lULvxJpg&#13;
tpDY6rYNPj5BLMApPvitC5tba8j8q6gSVAcgOuRmqN5omnpbSPZ6PaSTAfIrKACfrXZh/YXXtL3v&#13;
5W+dzhxf1qz9lblt53+VjC/4SnW/+fvw7/4EN/jVjw9f2FpJd3uq6vp32q7k3Hy5wQFA4HNR/wBn&#13;
av8A9CnpX/fdUNUu59IVTe+GtJQv91Q2SffFe37OlVi6dNJc3Zq/5ny7r18PJV6zb5drqVlfr0N/&#13;
VfF+j2Fq00F7DcynhEjcHJ98dBXmlzevd3c13My7pm3EAYGaS4eW4meZoY1LnOFGAPoKj8uT/nkt&#13;
elg8BRwkXyvV76o+fzTN6+ZSXOrRjskn94vnJ6j86XzU/vCmeXL/AM8lpdkn/PJa6/ZU+/4o8z2k&#13;
+34Md5qf3hU1u0LHdLIoA7E9adaWW/55owo7D1q39kt/+eS/lXRSw0L8zB1KrWlvxFSeN+I3U49D&#13;
WF8QbV9S8C6/YRTRRPcadcRq8rbUUlCMsew9a3kgjT7iKufQVy3xYGz4Y+Kmz00i6P8A5Darrxbp&#13;
yUHZ2dnvrbsa4W/toc/dfmef+A/jP8NfAPgnQPCviPxVDHeWlhGGaKCaSJxk4ZWVOQa7CP44fDue&#13;
3W6tNXmnR87dlrKM84/iUVg/CrwB4M8XfB/wqfEPhqwvmOnJ88kI39T/ABDB/WuqT4U+BrK1js7L&#13;
wraGKPOAWbIyc9c+5q8pioU+XHe87KzVl3vdP5HNxL9YlP8A4SbKV3zc92t9LWs+55P8ZNZ+HvxU&#13;
0kWw0a+bUrYbbS+YiPyQWBbgMdwIBGCO+a0vgp4z8O+APC8Pg3VSbeK3kkkiuRHu8wuxY+Zt5zk4&#13;
zjoB6Vj/ABF0ex0PxRPp+n2aWsKxxsI0JIBK5PWsDTdBvvEOoJp2nKHuXViqE4zgZr6illGAkvbq&#13;
PK5L4utvyPyzFcX8RUav1OVTn5JWUEtG9dlufVEF1FcwpcW7iSORQysp4IPQ1Jv9a8q+DniXU5Ir&#13;
nwhfQMZ9OBdN/BVM4Kn6E/rXfa9fX2n6HqOoCBAbW0mmzu6bUJ/pXhYqg8LUcG9vyP0LJ8yWb4eF&#13;
eCactGrbNaNfJnhfxysbTxr4r0y68IfHxfCtxZReTqNlDAk8VxGrMcliwVXG8jBzkEHHy8+tfs6f&#13;
Gj4SSX0nw8h1qP7foMlvo1jNNIZBeSeVltpC4BA2gsTyW4r4Tu/EVm1lPrE9wnKPcNj8TVb4VW2r&#13;
2Wk21/YpOuqqW1q48tT5kDM4fcR225QfhXzFScqlSVVu11a2n3t7n6/hsLCnhYUJLm5XdN9/Q/Yy&#13;
eZ2TbgAe1UJOtee/CT4l+Jfid4D07xRp+k6fKXX7PdDz2BSdMBwR27MPZhXWy3XjCKNpZtB05EUZ&#13;
ZmuSABVQp+a+9HJWxCbacXp5P/Is3DpGjSSMFVRkkngCvMvFnjKe/may0uRktV4ZgcGX/wCtW1q+&#13;
oa94jh+xxWNvDFkhvLkPz/ie1VLD4b6vfSqslvbwxkElzITjjjivUw0KVH36zVzw8VUrYlqnh4uz&#13;
62aONtW1K7uFt7VTJI5wFC16v4O8EaSYBcasgubtfvRn/Vr9B3/GtHwj4CsdEgeW9gje6kJBIJIV&#13;
fQfWunt7G1tXLQRhCRg4rDG5iql4UtF37nfluUVKLVSs7+T6f8E+Kf2ifCmv2vxB17XDoF5BowMK&#13;
R3YgZYAvlIOGxj72R9a8WnNisbMLgFgOBur7w/aiSMfA/wATXEhCrBAkhYnAUBxya/Nj/hJdJwc6&#13;
naZ/67L/AI1+j8KVZZngPe93lfL66LU/nzj3hJ5VnTrYdymql5vTZtvTToOg+FHxZ+MPjhv+EW8E&#13;
NrOn6QFdoHuoY1MJOC53MDyewBPHSvpH4Y/D7xR4OttVt9R0e60e0WxlU28kRiEkhB5CkdB83IrQ&#13;
/YR8S6NeeM9e0uC8jmupdORwsbBgFWTnJB46ivrfxx4Xi8RaLNEqD7VHG3lMBycjlfoa+LxNKjw/&#13;
mU6EU5XsuZu711flufr2Aw+K4ryrDYyvL2fs237OKtFtaK/XRfI/GxNVnsbnfBM8csT8MpwQQa9o&#13;
8B/tHxJEmk+PYDImAgvoUycf9NE7/VfyPWvBPG8NxoPjHW9Fuo2ikstQnhKMMEYcgcfTFYyXzuds&#13;
YLMewGTX3Gd5Tl3EOFjDGx21Ulo4+aZw5LUzDh/EOrgna+8WrqXqj9E4bG18T2drqgSG5gmiVoJX&#13;
HVCOO2at2nhbTrWQTLBGrgYyi4P51x/7O3iJfEPws0pWLC405TZzKw5BXp+YIr0wJ3xX5pT4QyzD&#13;
1nN3qNPdu9/u0Z9XiuMM1qw9kmqa7JWt9+q+R80eHvhJ8Qbf9pmbxtqWiOfDy3N663b3EbAwPbyR&#13;
xrjduPLqMY4r3Xxjby3VjZQRLlpNRtVHpkyCuqsrC41G5S1tIi8jnoOw9T7V203w70O/0I6NqXnE&#13;
vIkzzQuY5A6nKlWHTBr2cO6GVtKG1727L/JdjxMXUr5x71TdK19dfz1fcz9c+H2pRaNbT+GNQaHW&#13;
bSTzd+/aJgRyme3QYzx1z1pngHQvE93LZ65r+qKlva+cI7KFjzKZH3s+OOpPTNO1azs/hZoep+NY&#13;
JfEOtjT7YvLaSX3mZj3Au4DYGVUFvXAIHWvI/hX+1ZpeoXGvQeILVrTStOjl1C28uEvN5RlGQxzg&#13;
kGQdq/PM2y/CPOoYupUl7yu1dqLaas2vT8j3cDl9etRdSnD4dNHfse66/puoXfjzwnqtvbM9pp6a&#13;
gLmXIxGZIkCZ+pBrq99fO97+2t8K4Miz0/W7kj1t1QH/AMeNc7qv7dOhrBKmjeCLx5yhETz3KhA2&#13;
OCQBnH417NbO8EopSmvdVtLvq3+p20Mhxzk5Rpv3nfWy6JHv3j/4h6P4Hs7dbzULWK91CXyLSKaU&#13;
KXb1A6nFeXX+oXep3L3l9O0sr8lif5egr5Sgg+KP7Q3jpriMXGpajKwLScrBZx5456Io7dz7mvsn&#13;
RPgnqOneCE0rUPEkt9raxKpuWG2Pj+ADrg9N3XgV+P8AG2Q5xxjL22Bk/ZRT91uybXVd2z0MfgKW&#13;
VU4qU06j3SOSt72O6nkih+ZYsBm7Z9KlvVurvTLvS4dTvbKO8jMbvaTtE4HqCP8APrTLjQrvwNaR&#13;
f8JN5Nl9rnMUUkkqhJGHRQfUgEgVMCCMivwitRx+RYlOUZU5x2umn6o4qTk4qbOJutN+MPwx0K28&#13;
e+CfHt/4pn0oGHVdMvYyQ1mDmMhNxLbcsCwIPPbGKzviR+074X+Kfhnw9pUFvc6dqBuZJL+zeNnE&#13;
cyqFj2OBhlbzJMdDxyBxn1HTdRudLu0u7ZsMvBB6MvcEdwa7rwf+zj8FfEGv6b8V7Xw95epQz/av&#13;
s8UhFuJ1/vRdMhufTpX9GeG/HVbM0oya9vCzale0ltda790GZZdhOJMFUy/HJpSXxRsnvs76b/gf&#13;
Jt/p9/pV5Jp2p2c1rcxHEkMyFXQ4zyD0rPvtPtNStmtL2FZYn6qa+jf2ufByWOt6d4xtogqXyG3u&#13;
CB1dOVJ/A/pXz1xjGfrX9TYHFU80wcaskmpLVdOzR/HXEGU1+Fc5nhISalTknFrR23T062sSw2N/&#13;
8Ao/C/xs+Guu3xsp737DrOnOQQjKQzRE/wASSJnbkZBHXiv0l0vULXV9NtNVspRJb3sEdxC46Mjq&#13;
GU/iCK+BvBeif8J/4Z8VfCxl3zavp7XumKe1/bjegHuy7l+hr6i/ZV8Z2nif4L+HbB9RhfVtBs10&#13;
zUbTcPOtXhZo0WReqkogPP8AQ1+UZtgI5VmU6FPSEleK7d0j+ueB8/qcT8PUcZX/AIsG4yfVtbN+&#13;
q/M9jooorkPpgooooAKKKKACiiigCpqenWmr6dc6XfxCS3u4mhlQjgqwwa/Odhqv7OPx7SUo/laP&#13;
qGcD/lvZSHDAevyMfxAr9I6+aP2xvg1qnjTS7Hxt4V0x7vUtMBhu4YlzJLAeQQO5U/oaqLA8J/aR&#13;
8ey/GP4uw6P4XlN5Y2nl6fpwTlZZHwXcfiQP+A16d+074Hsvh1+zx4O8J2aAfZNTi85scvKYZC7H&#13;
3JzWT+yN8C/EH/CY/wDCd+L9DnsbTSlP2OO5jKtJORjcAeyj9a9b/bJ8G+IfF/wvtR4c02W+m07U&#13;
47qWGFdzmPY6kgd8FhTvrYDmv2DkUeBvEDhRuOpKCcckbK+fP2oURfj34nCqADcQE4Hcwx5r6g/Y&#13;
z8GeI/CPw+1CTxFpk1jJqN950MUy7X2BcZI7ZNeIftJfCT4gax8db680jw1eXlrrUlu9tPDGWj/1&#13;
aqQx7YKnrQtwPqXxtHH/AMM86jHsXaPC4wMcf8e4r5I/YrH/ABe23H/UNuv/AEEV9n+KfDOpX/wj&#13;
v/CVqoe+k0I2SKDw0oh24/Eivln9j74ZeONE+K1xrut+HrzT7PTrKaCSS4jKBpHwAq569CaQHc+G&#13;
j/wqL9rDU/DznydI8cQG5gHRRPy38w4/EVJ8LbK3+M/x18f/ABCvo/O0jS4m0DTieVIwUZl+oDN/&#13;
wMVtftc/DnXfEvh7SfGPg+zuJtc0C5BX7OMy+U3cY9GwfxNdp+zl8Pp/hx8KNJ0jUbfytTuw1/fq&#13;
fvCaU52n3Vdq/hR0uB5T8AvF8fwjtPiT4C8TSlI/Bsk2qWyucFrcgnC/UhfxYU79mtl8H/DPxb8f&#13;
PFyPJda3PPeFv4niRjwP95yR+ArK/at+D3jHXfH+nax4F065mTxNbrpmpGAfKpDqQZP9nAB/4DXv&#13;
+rfDDTL34SyfCy1YQW39lrYRuo6MFGG/Fhk/WgDxrwVJ+0J8erA+M4/HFv4N8PXMjfYbe2txJK6A&#13;
43Ent75H0rL+N/w6+NHhn4Ya5car8Wodf0RYV+1W11ZBJWG4Y2MM85x3qb4e+Ofit8BdIX4eeLPh&#13;
tqOtWNgzLYXtgu8NGSSB9OaPizc/Gn40+AtUe38H3OgaHaRCdbOQbrq/cEYXb2Udfwo6gZHxjy/7&#13;
GHgbJ5MumDP/AGxkr6Z+F2h2Ph74d+HdJ0+JY4YtNgbAGMsyBmP4kmvBPin4C8X6l+yd4Q8M2GhX&#13;
U+q2L6c9xaImZIwsbq2R7FhmvpDwtaTWXhnSLO6jKTQWNvFIp/hZY1BH5ikwPj/w0/xTX9pr4kP8&#13;
PrfRpdZE8wcao5UC28xceX+Gz8K9d+0fth/9A7wV/wB/W/xqL4zfCPxjb+N7X4z/AAjdE8QW8Yiv&#13;
rMnC3iAY/PHB9cCssftJ/FQ2/wDZY+B+r/2zjy/ut5W/1zjpT3AvfCH4UfFfR/jHrPxP8ero1qNX&#13;
s/Knh0+UsryYQA47fcyT619B15f8FrD4tlNU8SfFbUY1m1V0a10yMDbZoM8Z9TxxXqFJgFFFFIAr&#13;
l/ineT6f8NPFd/asFmttFvZYyVDAMsLEcHryOldRXLfFYKfhh4tDAEHRL3OfTyHrOr/Dl6MmbtF2&#13;
Pzwn+M3xDnG1NeKKVHzR20SZ9ulZdz8SvHkylD4o1bB7LIgH/jop0drYlNnlQDbg5JOKdGdJhyre&#13;
X1/hBr82nKbk7ts+f+sVusjFl8SeLbpmdvEGsuWOSPtj/wAs1UmXXb4ZnnvZgDnMsjMP1NdUZ9PU&#13;
BoVH04GaaL1M5S0hjX1ZdxrOXM+jBzfWRySaXfMCBFkYwRyKnXw1dTEOYnJ64HSuoW9mY/JcD6LG&#13;
BTZLifcTIrSZPQ8Y/Kp5JdiOZfzMxI9ClI2sjj/eYCnnw9awLxPEGfkjcSf0rVkbfwtvuJOACDSG&#13;
1lL7WG4jqNuAtZeyNFy9EYh8PWO3Dwk9ztO0Z9eTUX9g6Y674rMMT0Yz4756AV2Ol+Eda1p8aZp9&#13;
zNz/AAp8v/fRAH612+ifAnWJ5Gn1m9tLBSeVjHmP+ny5/Guilg6tT4Uaxi5dDxuLR7aJvNhtU391&#13;
EfQ+uTWjZaHqt/KLbTrGS6Y9EjLMfyFfSGk/CLwBpiq93BNfSLjc9zJ8rH/dGAK7GzTRtItTHp8N&#13;
vYWiDnygsagfhXowyeTX72R1ww76s+dvDnwF8f6qVkuLe10mHPzG6fkj2Uc/oK9L0L9mvw5ahbjX&#13;
/EMt6VwWjt0EK/mQTj34rT8V/F3RNA3wWQa+uVGRiTESn/ab0+leCeLfjT4t8Vtd20WsPFbQBndY&#13;
VZY9o7BRzJXXDLMDQ1lHm9djdUaUFdn0Jd618I/hnaNJpGm6bc3EbFPLt0EspfrgyN0P0zXmfjH4&#13;
2fFLxLqB0TQPDWpW2lyplpNMuY45WXIyfMY5KjPO3acV4THavrkyPqd3MeC1mWV1gBORjK425PHt&#13;
3rsND0jxHaaCbKW4luIrX7ktph2hPVsvnOME9K6Z1owjy01ZeQe3SXLHQwdc8HSpq0lx4p0qS5a4&#13;
nYRag8sx4A5V1YkKOBng+oNQ+GfBtre6zp2lSeH4il8kjQ3FyilzgEoWfgZXjhQSQOldlpmkW95G&#13;
Re+JDLHEpn2XUzlpCvOxJB8pJbbhWAFdb4X03y/Dc+ryzPvgZpUs2jiBil6bmZiTzhSCG9sVz08R&#13;
VbtGVgpNuV2zznUfAmmaay215omiDylJkIZVc4/2WcE59OT6gVb034deD9R0m31O9+y2CyFldTbO&#13;
/GeBnoOPfP1robjw5dCc2viG1lkguH+2qyT+dIrFslCWfCjaB68ntW74esrOO1ku4Yr3R1MmYkuY&#13;
12ySrkr8h3DngZX869H61WVOza062OtSp82p5v4n+BF0datNb8F+KotLFtiWC3iaRY5QCcgyFick&#13;
EcYxzXe+Hviv8RPBjyWK6xDrVrbFR5F1JuYD0Ug7h34JBwM4p+tf2ZZ6wb3+0bjWdTuE+0uYFfy7&#13;
YHgjKsFGP7vJx0x0rj9e+H66tdj+xdLn05rze8txZBj855LZkOecnOMHj0rnji5ylaRnKtJP3Hoe&#13;
46H8W/hb8RYDB4p0u0sbzP703CZTd0IWRcFce+Kval8IfCeq2/2vw9q88CTcxjzFuYT7DnOPxr5t&#13;
i8Hr4TtbuO48SafqCrLkrDMWuEOOc8Z/9l5rd8K+K9c8OIl74f1VxGxz5BIGP96PoR+Va1aNCuvf&#13;
gmCqwkrSO91X4PeN9KZzpsdjqEPJH2dtsg/4Af6ZriNU0rVtNn8rUtOkt3HUXFueT7Zxn8K9Q8L/&#13;
AB1jnXyfEVmqPuG6e3jO0epKdc/jXoVn4t8P+I7QraXdlfwscNG6AkfVW6V588qw8v4crPz2JnZ7&#13;
HyrcJBcP5cixcdd0bKw+mWqCTw5ZOu9QyqeNy/NX0vqnw88D6qGKaYtlK38dr8n47TkfpXHar8Fp&#13;
IiX0bWYZ1IJVJ1MbZ7cpwfyrgq5XXgr6NeRxzjrqeL/8IiroRBdAf74qM+EbyPpcwuB/CWAP4Cu+&#13;
1HwV4u0kEXmnTBV+9JHh0/MZrGEdyrkNatx1bzckfgeledLD+z+KJjL2aesTlB4bv0kIEMQQHgFS&#13;
f6VHNos8bEbF3FWGMeox6V2e9mxtumAH94c0+RJJRvKLL+n/ANepjCF7xWovcWqOSsILyyRMLPGA&#13;
oH7pygyBjJx64q/Za3r1rkwazrkW85AhvZMfjzj9K2GiQcSWxUHspxmovsunFtxt5/zNU0735vxB&#13;
yk/tDYPHPjCLCr4o1VwOdsjhx/49XHfGjxZrviHwPbJr18blLTWbcxZiRSCYZs5KgZ6V2TWFn1jn&#13;
ct6EYrjPinFY2vhGFL1jsuNato0HLEuYpsADr/8AqNb4eUqbu23Gz0+TMcRVm6Mk2O8AWkN7oYKx&#13;
h/MHYVg6r4c1a01WRrOzkkRWySq5xWh4N1R9HxDb3AVDyEB6j6V9I/Cvw/pXifSDdsiGUZ3K2M/W&#13;
vRwmFw+Mip0VaR42Hl7Wfs7nlvw41Xwd4liXw34x8N2Ju0IEMjx7BOf7pI6N+hrSu/gp4a+xazN4&#13;
Vvr7SL5YxNZsLl2MEkYJI6/MrDqDyMfhWj8S/C40DxAk2jaVIzTfKGhH8X97I6YrhfGHxk8TmzNr&#13;
faO2l2WkR+ZdXUMzebdSYKIuTwN7lTjnhWPSpsuadGrfnWzV/VXX3frcxqUasqyhSel9UdhY+MZd&#13;
I0XSYvGukw6dNqQuobe51C3SMXjthZGxyy/JtUMwAI6cVR1DxvpzahPY2MdrLaSEmWVbVFOe4Q44&#13;
57g4Paui+FXiW0+LHg6DxSuiQX8tpNJplxDdAStEuz7gyMYZFjyQAT7VjeKNC+GWmo9vZ61JYaiY&#13;
mPkQp9oQOOoZRzGeenbHTg1pl+SV68ISqU7zTbSXbo7Ly/EWKdLB13B1HZW3dl8r2+4+dPjNf6Um&#13;
my6nHcSpcw3Q8mMdWBPevSvhtqs+o+DtPurCCS5KxA3AUZKms3xT4N8MXDeHLrxLYeXokt4x1SS4&#13;
uRAvkJkSOZOqYPIPGcYz3r2Lw1p7+FPhZcTFLNk8PW4t1+yTh2+yj95A8rAY8wxupIycZHJFb4jE&#13;
OmlhowvJ/Lv+XX1R2xoe3w/M3omeVTPpPijxXZ6fqEkiiJxwkYJ3ZAwc4wOuT7V1V54isNDnm0nS&#13;
MheA8mOFUqDg44zzWV8JdGufGV/qGpabpS+bd3SOZ2PESFs4Hv1rfHgu2v8AXLnw1cavZaXOxkl8&#13;
y934kJbgLtUk/wCFdLioPRnLNScYqmrO9r9/0/I63wTa3Xg6xn1XxX4KGiztt1TStfurgQBfuokL&#13;
9WVHL9hlhuH04nx/4okeVorjW9E1CSZzLK2niU7WPbMmcAdAAeOmKr614x8Q/CnSl06bUdO8V/2j&#13;
qRjsEmaW4ihW3TaJEjJ+UlnwoI6ITgZFeaeJ/iD4o8Yyh9XuYgEJxFDAkSqc9wBkn65NZ4ajVqV1&#13;
WsnBdeb8lyvr/eR3VqkYUVT2f9dTQg0rxT4re9fw1o11qCadGJbqSNRshUnA3MeASeAOpPTNVNC1&#13;
y9RjbyqyFSVKMMEEHkH0NdLZ6zqOheD9Cv8Awn4g1G0QzSwzxQ2yxG7vMK0jS9Q6IrKidSct92qN&#13;
8X1WSXVbmNBdTNvkeONUBOOTtUAfkKrGzU01tH9VucOJUVTtF6lbUbifyy75IxnGelcNNeka3FJG&#13;
2CrAgZrf17UpoYQsgbC8H3rhIZnuNbEgBwDxXz1SPJF22OKLu0ke3+F1sdX8QWWiXhdI79GWEocF&#13;
XZTsPuA3Ud8VjSatBDfnR7pNt2k5tX54EgbaR+dbvw1sI7uCPxI7L/xIp/KkDFQcSDfH1I7pKOM1&#13;
0PxC+GkviPx/aeNfDVks9pFfW9xq6qyhFRmUo4HcsoLN9RxzXBgayljHQXl97v8Amlp6HRPB1auF&#13;
Vamtb/eu/wAnf+ke4eCPE1vpmmar4Tspba3isdOtprWeeMMqBGEblT/DIwcgH1c16BJ8aobHQpoL&#13;
po4ks7QbzG6rJcOeI0jXqQAMHHQEHpXy7c6qdO+Ktp4Ed5LiLXpxp8LQFs7BhxLxwdhXJX2IOK9Z&#13;
134PNFJFqmk/bdfE01rBLBNMkf2WD7Qr3EkfAzvQAFRg7YwAeTn9JlSlLljsrHtKvWpxUaWy0MeP&#13;
xZqmtiHSPFk6tLc3zrf3EkKGJ1bJiXDDCKUI+YDIAznpnSj+EHhafV7DX5NIfSI7FVOkW8MYMTIQ&#13;
cy+WehPLHJJxgdzm/wCM/Btzr/xD8OypYSyWd0Dc+TblVhnSIBSpyQMsrIcnJAUe+Or8YapNN4x8&#13;
OaBYQA6jNHOYYbVzIIrddqmeVf4QuQuM4ZmAzjNcGI5qXNTjvpbzv/lu+5xxpTqzl7VXSat5/wDD&#13;
fizz34g6l4I8Jp/ZVj9mvbq0t3lTSrQxrdytkmSQmXav3jgkt646Yr55+Hvwc8b3vii++L3xH0u8&#13;
t7jF9b6RYiMzW9ij/KXViSvAZl4G0AE5z0+o/G/ww8OeDNKtNF0Z/wC0Na8R38TahqF63m3UoRhl&#13;
3PUJ5hQbRhQGIxUHjTQ7HRfBM2kWXiIWep+H4DIkcMzKJ4BuGZFUgqWyxzjr3ryMe62HhNSjZveS&#13;
7dvJfizPEYeVNzb0sujt8vuPkL4GeFNTisLnTrXQI73xB4T+ISakLJVALWyFHwGU5IEc5PAO3bjv&#13;
g/Vfxc+H3i/4v2VtpuoS2ugWunkXMX+km5L3YwUk2qAPk+YDPqfWqvwW8IanBpMHjTxoo/tS8lN5&#13;
ZQZDG2ieCOPc7Yy0jhCx9A+K9JvNSAQjNerh6Ep026j0lZ226K/nqx0vep+9ez6Hwt8WvEHxI+C3&#13;
jW30mFdQ1cX9xdWZuY4WhFzFdIjrBbOBuXbKzbV3HBjAAGTn2n4B/GDxN8QJLvw/4n8ISaathDHC&#13;
3nWzxpLKpUHIcYVuc7R0xXonir7FqUQi1C0t7pI5FlRZow4V1OVYA9CD0I5rzrxXreqWkJ1PSWZr&#13;
rTnF0IgxAmReXjP1Tdj3C130afs42i9EVGCclZn1j4N8caHruliD+27R/scslndIsn71ZV7N3B5H&#13;
Wvzv/aL8NW2p/EzWtd+G/wANr+08P25SzW6s9Pm2XlwWO+Y5GWLOxXIHOOte/wDi/SNct7S08S6B&#13;
bmaW/hiu4BA5DzMGDLKwUgsNuBk547V1Pwq13WLzSL3VL3UnvL61Vftb3OFjiU8hFcnB6HOM4471&#13;
8RVxDyTHVq9JKpd/Cna17b/kr230Wp6GOX9pU44apeNtb9Xp/Vz/0/0zwaSl2mjaa+VsemJSgUbT&#13;
RtNFgEopdpo2miwCUUuDRg0WASinbTSYNFgEpSKNppQp7dadgECFztAyTVuLTnYBpW2D071ja14y&#13;
8OeDNQ0nTtduHhm1lpUgk8ssgaNQxDEdMjGPU1Y/4WD4RHH9sp9fLb/Cvbw2UzcFUnFu+2jseRVz&#13;
fCxqSpe0ipRdmm1dNpPb0dzZXTrcDB3N9TWDq3w/0rV5mupLm6SVv4g4IH4EVDqnxQ8HaXYy30mp&#13;
NIkIBZY4nLYzgnBA4HU+1dVHKkqLLGwZHAKsD1B6Gu5YV4e0uTlv5HO8RhsxbpKanazaTva+2x5V&#13;
rfw/1XSlaa2/0uEckqMMB7iuZ8sg4Ir388jFcJ438JRhH1nT4gu3meNRxj+8P61tGfc8bHZPGEXU&#13;
obdUed+X/nFedfGD41eH/g1pUeqanpd3qru/l+RaFcxE/dMhJ+VSeO9ew6doV9eDzo7Od07bUJBr&#13;
5R+LPhS71K+8QeF/E0UiTXLSRv5i8qTyjgH0+Uj6V2YaVOnUhOsrxvqvI4cLlrxPMnpZaebMa2/4&#13;
KDaQbkLd/Di7S3z96K9Vnx/ulQP1rnv2gv22NU13wXpGifAR7zTde1u6lhvbm5gUS2MKIGwhOU3P&#13;
k/MM4CHGCQR5dpP7PE2r6L4k1CHxfDHe+HbR7xrKSzIa4RPvbWD8Y+lcrpngrX/+FVXvxOsLpWsL&#13;
HWk0q5gWP95EXiDCXd2UkhPqw9a+1nQwlej7XL7OV7K7drvvoY0cLRw9dLFJpLdLV/5Ht/7Cfxs+&#13;
PXiX4hX/AMPfiXc6trWlPZy3Ud9qCF3tZUIwolxyrZ6EnpxX198YE2fCrxa2MY0a7P8A5Cas39nH&#13;
wz4Z0X4R6Bc+GGkni1O2W9muJSDI8r/eViBztOVH+7W18ao9nwi8Yvjpol4f/ITV89ia05X9pFKW&#13;
zttczqxo1MUpUU1G6tfffyMb4ALv+DXhJvXT1/8AQjXoPlt6Vwv7O0e/4JeEG9dPH/oTV6N5XsKy&#13;
py91ehzYml++l6v8z5W+Oni/wzpfj29gvNbs4pYooldGlAZW2dCKZ+zr4g0vxN8RJDY38E/2Wzkc&#13;
BHBPOB/Wvmz9rN9/x58Uj+5Oi/kgrs/2CHJ+MlxbqCTNpcygDvgg19tJcmWN+X6Hy9PhHDwxrx3M&#13;
3Ju9tLXep9B21rrXhz9qiz0dbqY2XiC2uLyNF4Vx5TkxkDrh0z+Ar3j4t+GLnSvgp4pvPMeK+ubE&#13;
WylD80KSyJG5H+1tZq6fS/h7ND4x0fxPdWNvI1nbygSMoLwswK4U9ckN9OtdJ8QdKtda8G6rpd7a&#13;
vPbzw4aJGKlsMCORz1ANfllbOcVj3VjWTSjLli7JXSSs1a19Xa/kfqOVcN4HLo06lGCTkuZq7+Jt&#13;
3bv1f4H42eJNS8Q/BL4rLpnhjS01Z7PUGsrOLUoDLHNA0bbmZVK7iItxGMDOPpX1b+x7rHj/AOLn&#13;
xE1PS/HmnRWOkpp7zxm1so4GQkgBFbBJXHZsn3ryb46xpL+0/qukQWhRPDtnFBFCW3Fbm5VOM9ys&#13;
aAZ/2zXvH7CuqwXHxD1ol1VU0vcxJ4A319HV4VoSyv67OXNJRT272/U4VxXioZosBGFottN323t+&#13;
Fn8z7P8ADPhjRvBOjf2ZpimO2R2mZnIBLHGScADsO3auE8ceOXvpzp1ixFrGcsQcGU+/tWp4o8Tt&#13;
qkpsLWQR24Pc4aX3+lcDrsKw3KFVALrk+9cGXYKNO0pL0XY0z7NZqjL2L9Wavh7xGftsVrcxKqyN&#13;
tDA9D716zpOAoJ6YrwBHZHDqcFTkGty+8V61NDHFFqU6RsvzBWxk11YvBOs1yaHhZTn6w1OX1i8m&#13;
tj3YMMcUfjXkOi+I9ebT48apMQuV5bJq7/b+vf8AQTm/76rzXl807XR9dRzanWpxqKL1VxP2o7b7&#13;
b+z747t8Z3aRKfywf6V+KeTX69fGjVNbv/hP4ttJr6V0k0i53KTwQEJ/pX5C19vwpSlQo1It9f0P&#13;
JzWtDEzjJLofYP8AwTGmU/GnW4w3J0R//Ri1+nvsK/IT/gnn4kn074161JBdNCRpEwyp5OHXivv+&#13;
58e+KppS8erzxp0Cqa8niDAVMVjXOLSVkaYbNaOX0FTmm35Hz9+3N+zL4I8MW8/xl0ZNQfUda1j/&#13;
AImMcswMCF0+URoqjaMoTyT1r4/it4IF2wwpGPRVAr7z/aG1DxB4t+EuuaffahNcJbol4qOcjMbA&#13;
k/8AfO6vhCvCxssVT5aVao2raaux6eX4jD4yMqlKFtddrn0H+yZrRW91vw87/LJHHdxrnuDtY/8A&#13;
oNfS9nY3F9cLb20e52P5e5r41/ZsvZbf4uaTYxED+00lszk4HKFhn8UFfoVo+kW+kQbEG6Vh88nc&#13;
n/Cu/B4pRw9uqPnc5wl8Y5dGk/0JND0a20W32RgNM4zJJjkn0+lae8+v61zLeOdATxcngkzy/wBp&#13;
vEZQvlnZjbuxu9doJ/8Ar1q6ql5Pp1xFp85iuWjPlP6N2rnxUp0outOLbtdLq/T1OTDYmjVUo0Wn&#13;
ytp26Nbp+aMbxj4v0nSL2w8Papax3MOrForlJACqwkFcsD1BJxj0BqzongHwX4fsmsNL8L6TDFJv&#13;
DhLGJd6s27acKMgcDB9BXnlzPeagttq3izQZdU1LS4brNpaD99J5ctuE3KPTzHOO45r1Wzv47qOA&#13;
uDDNPEsvkSECRMgEgj1GcGvlskxFfMqtXGYmypuSVNNWaXKrprvr5nTDGclR0ISd7Jta2s27a7GH&#13;
e/Cn4Yann7b8O/DcrHqx0uEN/wB9Bc1hXv7M/wAD9Sybj4f2iE/88J54f/QHFekptXbuYDccDJ6n&#13;
0q1GnbFe7PC4ap8UIv5I9GjjMVD4ZyXo3/mc/wCEvBfg74caENJ8NaXa6Tp8Xzud3LN3Z5GOWPux&#13;
Pp0rhfiB+098LvAvmWsOonXNRTIFrp+JMN6M/wB1fzriv21/E+t6R4c0LQLKRotP1aaZ7t0JBYxB&#13;
CiZ9DuJ/4CK+OYJ/KUgkZJ7V7+T8N182sqclCnqrpXta2lrpK9zwM74mo5RzOpF1Kmjs3a929b6t&#13;
2tqeqfF/9oTxx8X7I6FPpFjpWiiVZVgVfMlLKeC0jc/98hffNVPA3xb8QeE9HbSdQhXVEQj7M0kp&#13;
DRDupODkenpXnZvhng8U5Lvc6ru4JAr6Cv4ScNZiv+FSLrvTd2+7lt+Z8JmHiNnmKpewoxjShvZK&#13;
7+93PUbz46+Lp8i0tNPth2IjZ2H4k4/Svoj9jL4wal4n1TWvBfiCSNrrykv7V0XaGVSEkUjpn5kP&#13;
Hv6CvjGvfv2JrGa6+NRuYyQlnpNzK/oQWjQD83H5VWYeHfC+Q5bVrZdg4U5xV1JLX73rrtv1OThX&#13;
iXNcRnVCFSrKSlKzTelno9PLc+zPi5oXh7XfAupHxHp63cNnEbmJTIyYlAwhypB6npnBr5a0+9td&#13;
MVRZ+HtCyvRptMhmb83VjX0x8db8WPw9u4wcG7kjg+ozn+lfNFjpN5qFrfXltHuj0+ETTH0Uuq/z&#13;
b9DX5zRxNaEOSM2o9r6fcfvdfKcBiK31itRjKptzNJuy2V2evfBLxxrWseKRol0ljHafZZJNlvZx&#13;
w5YFcH5VHqa3/Dv7N/hTwr8UtT+KXh/xH4hsrnV7l7q90yC6WOyndjuIZVUMy78tgtjJI6cV538B&#13;
H2fEKEf3raUfyr6gPTg1zVV7SSc9Wj0aKjh4uFJWXZDqKKKQwooooAKKKKACiiigAooooAAAOlFF&#13;
FAAAB0owD1FFFABQAB0oooAKKKKACiiigBCAeoFLgdMUUUAGB0xRRRQAUm1euBS0UAFFFFABRRRQ&#13;
AVy3xV5+GPi0H/oCXv8A6Ieuprlvit/yTHxb/wBgS9/9EPWdZ2pyfkyKnwP0PzkEUAALwB9wBx6G&#13;
nxRSAYEKgHoCKcpiBB3rjaMVPGssrhY1Zz6Cvy14hOTsfLKRCbfgkqB/wGmLCq9GJ/CtWHSriZsS&#13;
yCHn6mur8FeB7PxT4j0/QvPaRriQGQ5KqkS8u5I7BQTV05Sqy5ILUqK5nZHBLDI/EUYZux71raX4&#13;
T8QXv71bEoG58yY7FP516v470PwhoJ03xJ4Ht1GganCyQ9S6TxuVkUk8+jfQ1yx1qPl2md2HOSxH&#13;
6V0zpxoVHCozdwVKXLIZpnw6iwDq+r/NjJjgTjH+8a6nTNA8K6WFktdNid+0kzea/wCOeBXQeIr/&#13;
AMBeE30vTrjwhNez3el219JN/askW95FyflHHaudtb/TfGvijTfDnhDSjpUl7mLZJevP0G55CSOA&#13;
qgmu5wp0Jezi03dK2v8AkdNow0W/z/yN5dUij5RVAHTC9KjuvENpZRia4u44YSOrtjj6VzmufFbw&#13;
D4T1CXSPDfhBfEi2bmOXUNRvXUTMvBMUa9FznGaytcsPDfj3wtqHjTwIl5a3mhhJ9X0S5uPOEcDn&#13;
/XQO3O0HOQelaqsveUJJtGiqq1kyxrfxbgtw40S189xlVlmX5fwXqa891XxtrF9dpqF5eyXAiOdn&#13;
3YxnpwOOtdxZWvw78NfCXQfGfiXwcddvtV1C9tGI1Ka2UJGcr8q5BOD6Vl+LvD3gTxH8PD4/8IWm&#13;
oaILHUIdL1LT5bn7TEC67keNzyfQg/pSnUcU25JtJO2t7NX7W/ETqvl5l2ucZqFxbyL5969zM84I&#13;
Bhj+RGxx7dcdcU3TNclkht9Pms7SI7FtvtCICWbsxHXdxXoH/CI+DPhDp1pF4s0ybxT4l1O3S6Gm&#13;
SXJtrSwt5PuCYr8zuQc46D260yS6+GOtaZcLP8O/+EV1u3A+xT6RdiaCRwekkbnKcchhmpq12ouM&#13;
5JO17foTKSW7OJaCxvJEtF0NbhHHl3DR3BiYOODJ3XacdwPxqtp3gzUdAhF3pZv+W2tGjbkK7c7s&#13;
8A4HGe57V7ubj4feHvBfhbV9W8HPqdzr1pcyTzSXskRHly7eVUEc5B7Vzuq+LfCF/bRQ+GvCY0YR&#13;
sNx+1tJvx0G0gYx61NSoqMdZrppr/kTKoor3mYVnYeGZ7I3d1pEl3I6L56hlaRduONq9SSMnPenx&#13;
3Pgi2YW2lC/ia6hO+O3tW2s3+6y4z78dK7H4YPpfiLxdDouqWnm2XkXFxJGjmPe0cZYfMORyKWT4&#13;
heAo2Ij+HA3sCCX1mYkAfh6U6bpSgqspcu+9+luyfccKitzp6fMp+HtR0+CKHTjpdwzRQ4ku7u2C&#13;
+Z0x26/hVjWvE2hWSpHdy28EzAPAC/lMMHqG6fh3qz4Ut9Fk0e/8eeKJp7fQrWcW0NvAcy3dweRC&#13;
rHsFxlqYvxC+Gt3/AKJqnw3t47FSQJILt2uUH94FuCfbHNdrrpUoqUkmwVVrd+Zzj6lZ6pdQ3C61&#13;
cpE27JiyI4x9EGSfck0y+m0O5jYOYFmXcA7MPMCn+IccHFdTrmkwaD4m0G3hvft2ia+1vPYXKL5f&#13;
mW7yKpU46MAcHHtV3xj4n+E/hPxjf+Hb3wHcuLC5a2luodTk8xUBGXwwxnnO3NcktJPnmo621vr2&#13;
LVRybTdrf5XPIx4f0y7Z7LTNJSa2YsXmmmkw7f8AjpJJ79K5++tJbMv9l077LOjkSK0HlBm9jg5G&#13;
Md69N+KthqfhPxFe6J4d1Cd0jiiuLWSSMESRyKGUPn+IAkcVV8GeE9J1/TL7x18QdSu4dA0QpG0M&#13;
J8t7q8YZEMWTg5B5PoacK0lVdNvbcj2sublPN7dxc5i1K3+zzk5EqEjH+NXYJNR0xxPaSSNj7ssR&#13;
w4HrXol/41+FE80Vjq/wcgFhLgLNbajL9sQDvu6bvbofWuV0Pww/jDx/D4Y8DG6fTbydvJn1DaHg&#13;
gALGSUL/AHVBpvFKbSjJSvppcPbO65Xc1dC+KOq2gWLUgL1AcFs7ZAPc9Ca7nSfHOj6qdtvd7Hxz&#13;
FP8AK2fbsa5i88T/AAf0C7fTtD+H8fiX7MTDJqmo3UkRuGHDNGicIuemecVFrfhzwr4l8IX3j/4f&#13;
2c+nzaLsbWdFnmM/kRk4E8EnVlz1B6fzp1NWoSu10NPbc11fVdD0RNZjVdu3H+0G4rPv7Tw/qoP2&#13;
/S7aUnq5TDfmOa5nwibDwr4Kg+IPju6vbyz1CZ4NG0eB9jXjL96V5DykYPFa+k/Fn4Y67Ithr/g7&#13;
+xEmO0XlhdOzwZ/ibdw4HfgUKpFpKq0m9kyVU6NmVqHgHQ5yzadePZs3QSDen59RXN3HgrV9PU+T&#13;
5N3j+OJufwBxXqOl+GprL4q6b4L12ZLqyvZVImiJUXEDIWR1weM8fkary+NvhvDqM1jdeBbqOGGd&#13;
4Wmg1RzINrFcgMMZ4zg1z1MPQqJub5Xdr5q3+ZN11dtbfqePypPA5jureSMj++D/AIVGzxjkMfwb&#13;
ivVvGemW2lWVj4h0fUU1XQNV3C1lkixJG4+9DIM/fHt15rgrqHR7rJCCInndEMfoa8qvh/ZS3MZT&#13;
UHZmUJEJAzj6VyHxe0nStT8A3kmoaubVrG8hmtIljLS3c7RyIsKH+HhizMeiqcZJFdrLpqqd1rcq&#13;
2OivxmuL+JF3a6V4fs9S8RAx2trrlpKpRNyvII5SiSHshIwT6VWCb9ulvo/yZnVl7SnKMd2cNHol&#13;
v4V8dPaxxXca/Y4Et4nY7raGQK7hhxuYM20g+g4r0zw54mvvDFhDr0+qXEUOoTvbmGO3LSSrGx+4&#13;
Eyy7yD/DyOnfCeFPhPZ6m0fjvxR4iSObV75J9LsLqcxwlpihZ3lflkyqjadpOVBNb+jab4x1D4rX&#13;
nhbVyumX4tSYtRS2H2Xzyp2Ouxucjvn88cvMKOIpKE6btFy/F72/G9+h83FRhNSV3d9P8zZh8d+M&#13;
PG2jSLb+GNR0VzdNFI13HtaVAgbcueQCDjB5yPwrlPGPwe1Dx34TvII9S+wXVq3mpGVDi7vG+WNH&#13;
bP7tVQnnB5Y+tfRXhvwxFFoMdlq0q73vpJbmZXLKAWGzZu/hByD+dZ7tp3hzWrq3RDbxTSpFFIJM&#13;
gBQdhYHg5wSfbGfSpeZU8K44mrLmk9Hre2/+Vz6GOAqSmqsPdb2vrb+n6HzR8EvDPxM+DUOtWmq2&#13;
N6lq92t4RbJ5yS/ZsLLlcZKlJ1IP+zxXqN94TW+vYdS1LSPsV7q32i/ObMK4iYE7VjH3iQQxJ5HN&#13;
eu6J4vsrXVZ5Lm5haaOISyQjAKQsm7BI4ZyFHAOMg+lVvEGvaLrAWfWrWPyDMyPcOSj+WISSWPVV&#13;
J6HI+705FH+s1ajKU6Eve1uulkur9JO662OirlH163tH+HZ3v+hwGreD438DX/2nwXF4ptprKSMa&#13;
QyRoJmJJG7fggevzYwTnPWvkPW/jD8cPiRr118KtS8L6V4ThnuIba6sNKiYJaRKVVY5Hyd2F2jOc&#13;
YwAB0r7a0y/0S9ubSG3uynmE26vNcHzHMikKoIzngE4Pr+Nc38Evhrqfge913xP4g8dabqlv4o1G&#13;
68rR2tElSzk3uY3WThlOyOIYGBuXrnFdOXZ5SzCpKrVXvKN9tb9Wkna21+uy6a71sA8FhVFNPXvo&#13;
u3Y3vCPhbT/hf4SsLfRNI+1RoI0kO4q9wzY+fd03exwMd68++JXh+XxVNPqunRmKe3U+V5QZfw55&#13;
q34n+Jk3hp7V7nVba9sGuh5Nnc2kttJ5MY+aUgFl6qcEsBjp6V6VoFvo/iuyGu2tzbPZ3X7sMG25&#13;
4+YNzww71pSxVW7r1HdN2Vtfw6dvVPoeVVre3pqgo2a183536nzn4atvFPhbw3ciytYnm+2sNzpu&#13;
CI8QBI9Dla5DVNEvNVvTeTafFbuEVHEe47yP4jknn/CvqzVo/C+g6fLEkDXG8sg8tS43Dp0+v6+l&#13;
Yul/DC0ms5PF+qyxx6XG5MVuMGa7fnCINw5zjjIJGcV6VKcoRlVlG2vz1/rY82Sr1pKnF3t+ByPh&#13;
XQfFnhHw3De6/PYx6la2P2nw1Y6hGpktkZjvkSIYO9hnaGB/vHHGeBuTPdTzz36r587mRztC7mPU&#13;
4AwPwr1HWNZtTdW994peWQRxCCxne5aS4aNUL/LuyrORgbQchuAcis4eHrHxWV8QNa3NhZPbLO5u&#13;
U8uUxjHzrgHG4cZI4x0rx8VjFRd5QbUr3aWi20b26/N30799ajKdOMFsu/Xz/T0PGde8OS6guYoC&#13;
y9wtafwj+CzeOtXutGihS01C1he4jaeTaswXHyj0JyACeK9M1Xwjaa94NOr/AA51a3u5YZTAypy/&#13;
m4+4SeT069KyIvDXxT+Evjbw34k1LRre7v53e3jjW6EMM8TjaN0m1mUEYcgLuAAHBOK81xeMwk60&#13;
J2Vk1rb/AMC25b7a7fIww2DdDEL2qvDuvM9O8C/BWPw/pvi6wt5BJd3+mHbE6Y2T25EygK3U7RIM&#13;
j1qr4E1Ow1Pwpq+gPdsmqQWc8sJxuM0cSblzgcYxt+mK9GsvED/8Jt4c1vxK2nxDQ7+SHU2si8iS&#13;
Xc6Jbxxb2AOFRiW3D04rB0zwuvhX4h6rodlaXFzM+jawzMCskh2RuFUKANoJbAzgHgds15XD06tS&#13;
vTrSmpNTcGmtUlaUe+qvK7v6aH0FWnGh+7itNV9/Xy3f3HgnwU1611H4oeML27nVrqGC0mtY2HMY&#13;
cMsjof4SSqqcdRjNfUPh3Xz5ajdX5/W/iZ/hN8fxD4j3afb3/maZN5nGzzMPCW9AHBGe26vrnwz4&#13;
hDBcScH3r9rxCSem2j+88KhieenGa6/n1PQdY8Oa9f6rYX+g61PFHBMWkRWUCC32tuSJcfebect2&#13;
A6HipvBVv4en+IPiXxVpUVun2KOHSY7tY8PLEqmSZy7cyfvGC5yf9WRVKHVkuLcxM52uMEhiD+lU&#13;
/h/9i8HLFol68j2kstwIpZJS6J5hMjFiRlcsZODkDce3ThnHkS5Vr/X/AADppV6fPFeZc1a11bVf&#13;
GNl4mm+y/ZY5IrYS7FdpX2vLs45xxHx7VBrnwc1bxDq7eIrm4szBLKwvJXVg/wBmU5KHPDAjgj0x&#13;
g1reINdsvAs8+mw2qoVkW/t4j8wkVk2hA2cA5Dcj+tdA/iJtasALbWrT+z7hNnK/6wsPu47AZ7Hk&#13;
15GIwlGo5U6zcn2Xf8NC5YfD1nKFR3d72v1OUPkWttFaWw2wwxrHGPRQMAflWNqdyVVjmtux0PxL&#13;
rGqa7LdG0h0+1khFnJsKkxNCrFmxkH5iQAKZ4l8CvpNiP7U8Q2VveXB2WduVY/aHxkKDxiu9V6CV&#13;
m7W/A4amHxDV4x0XoeWeIdUCBvnxWf8ADCwHijx9ZacVDq8mdvXPtWF4rlu4rme1mRlkhdkcehBw&#13;
fwr0b4B+DdTsNQtfFU7/AGeeZzHZJn94RjLPt64A55xxzWrr0qMVKT0Y8BGdWolbY6/4mXlt8KPF&#13;
UF/q/g+w1vw1PGlgXMBebT0XKGSMBeFClg3IzxUVzqXw3m+H1p4+spdM0HRLey3rFvWJYeSuxui7&#13;
tykKO9Z/7RmtXXi7T5PCXgzxZaW+qWRi8i21GJhFdpsdZ03gD7+/rkgEcY6j5h0/WvEmgeFvE/gz&#13;
dMuneJ4ItN2ugmi2szY8nfwrB3xuPPzcV81m2X5fxBRnWmnSqxnpJNr2kFo7rvbZrSyt3O6eIr4T&#13;
FSULVKTT00vGXTVa2bWz777H/9T9NsGkpdtLtFfMWZ6VxtFOwfWggmizC42ilwaUA0WYXG0U4jNJ&#13;
toswuJRS7aXaKLMLjasWCCSfJHCjNQgH1o/tW10xS1zuJboFGTW+FinVjzGVaajBs80/ah06b/hB&#13;
rPxLb483QdSgus/7LEx4/N1/KuLtbmO8tYbuE5jmRZFPsRmvT/izqul698OfEWmyRyhXsJWUsowH&#13;
VSyk89mAr5h8Kap8VJdCtl0Hw19usogY4pjbu2cHpkMM4r9MyflxGCs5JcsmtXbRr/M/COM8Ssuz&#13;
7nhCU1VgnaKbd4tpuy8mtfI9QuYEubeW3kGVlQoR9RXsXwf1xtc8CaeZn3XFkGsp89d8R2/yAr54&#13;
8Ea94m1fW9Q8OeJdJ+y39nEk4ijhYMFOM7gSf7ykfWul8Ka54x0W61WDwRq2mSwTXIluIJ7V5mhl&#13;
xg8pIuM45BFPMcJ7Wm6baurNO+ln5/P8CuHM9jh8THFRjJwknFxtZ3Tvs+qej9T6XyTwaawWQFGQ&#13;
FW4IPIIrw2w+LfjjQvFOj6d43k0g2GqyvBmC1khkRtuQw3SMCM4B4716HcfFDw3bAgPcTsO0cY/m&#13;
SBXgVsvr0raXTV01qj9JwfEuAxsZPm5XF2alZNaX2OxVVUBVUADjjtXhf7THw2Gt6OvjjSLfdeaY&#13;
m28VRzJb/wB76p/LPpXZTfGCwU/6Po9w49XdVP6Zrjfiv8cJbPwXc22kWD297qB+yCVyGEaMDvYe&#13;
+BgfXPas5YSvBc0o6HVRznA16ipU53k9tH/kfFGvJqXh3WX1i0iYW2pwTWbt/C2+Mo6n8CD+FX/2&#13;
VdH0Dxb8NPiP+z3r8v2LxBqcstzbW1yuxjtiQI6g9WR41YjrjB9a66PRj4g8b+EfA9z8lk00eoXo&#13;
IxksScNnsI1AH++a9l+OH7NWmePdX034ifDzUn8O+L9EnikhvrQAG6gUjMbjON4X7rHj+Fsg5X1s&#13;
uxscJSqQq3S0aaV7Na7HJmdOFecPZtN/p0PFv2c/i1q3wSmtfgN8adAu9FkW4ddL1CQEwvvbhMjg&#13;
rk8MPXnFfQnx1ns4/gz4vc3cI+06HdiAGQfvWMTYC/3icjgV5j+0t8bdP8FeDLTTrvSdP1HxVeFx&#13;
YtNCC1nt+Vrg4xhucADAz7cV8L6v4o8R6/ObnW9dv76Q8bp7hnwM5wMngc15X9uxzdLFUIcsJrq3&#13;
dv0tp97NYZE6MmqkveT6K6+TufpP+zO9vP8ABDwlCk8bTQ2AWWMOC0Z3tww6g/WvT/s5r8jPD/i7&#13;
xR4Vv4tU8Oa/f6ddQncklvOyEfkeR7Gv0E/ZS/aMf4zadL4X8VLFF4q0yMOzxqFS+h6eYF/hcHG4&#13;
DjkEYBwN6WIVuVnPjMrlBupF3TZ8UfGzQb/x9+1/q3gTTgWuNV1+KxXH8IO0M34Lk/hXcf8ABO8G&#13;
2/aWtLO5j2yHTr5CjDlWWMk/iMVpeC7N7D/gqoljdoD5mr6hKA3OCdOmYH9Kt/DO1t/hX/wUM1HS&#13;
HkjtrVtfv44iThVguQ0kYz/uSKK+uljlVwlTDN7U+b80/wBCFhPq86dR90j9P+nQ1HcTw28ElzcS&#13;
LHFEheR24CqBkk+2Kzf+Ev8ADO7Z/btjuPbz1rjfjfqh1H4SeKNP8Oa3Zw3+o6e1lDIZwNomIjYj&#13;
GSDtdsHHWvzahjMNiJ8lKpFvyaZ9LddD83fBt7c/Ev8Aa9GrX0ZVPFfiY62EftZBfMiU57CCNRXe&#13;
fsUXckfxd8U6MsjbbW1khYZ6hJsf0qbwrpGl6b+3/Y6NpUUYsrKya3hCYKgJpLLwfwNWf2TtLOmf&#13;
tR/ErTiuBFLeYHopuSR+hFfqMqv+yOmtvZxf4s+LnhoPEe1trzPX7j6b1mRjqkxDfcbaMdsVBeXc&#13;
l26vJ1VAtF/BPBeSx3CkSBznPfnrW9Y+Gf7S0mKUkwz5O0kcMvbNeI5RhFNnzEaOIxlWpCC11bXz&#13;
/M5mlOcDNdBZ+D7qWeRLi4jVIXCPsySflDccehFbF74UsruNFiLQtGu0MOcj3HelLEU07XLpZLiq&#13;
kHK1rdH1Ob8P3TRXi2x5SY4x6Guq8n2rM8PeG9og1SaQncodE24xkdSa3bqa0sozLd3EcKDqXYAV&#13;
xYvFUaN5zkklu3oj6LJ8PWp4e1X5ehyfxGsxP8PvE0O372j3g/HyWr8dpv3avu42g5r9g/GnjLw2&#13;
3hnWbOO5ed5bC4jHloSMmNh1PFfj/qdtLcPd2tuD5jmRUHvzXr8H53l+ZRrLCVoz5Lc1mna997eh&#13;
vjIWcT0j/gn1fi6+N2oLnO/SJ2/8fWv0c2+1fml/wTrcD48XCkgbtFuf/Qkr9M9h/u125lVj9Ycb&#13;
9EeNmEbVfkZur6ZFq2k3ulT48u8t5Ldyf7rqVP8AOvzuMf78xD5vn2jHfmv0O8WXLab4U1rU04Nn&#13;
p9xcZ9NsbH+lfBvgLSH8Q+N9D0dBk3moQx49QXGa+XzRqUoLrr+h7nDjdOnUm9tP1LXw51GTw38S&#13;
vDmoybovsWr2zSBuCE81QwP/AAEmv0n8SavcaJpE+qW1p9qaDDNHnHy55Nfnn8fNDXwx8Xtfs7RP&#13;
Jj+0i4gC8bVYAriv0K0fUY9Z0Wx1PCsl9axT47EOgb+tcHs6k6NSlTnySaaUrXs+js9GbZxJTjTq&#13;
rqv+CcVF8QfC93qdv4nktUiureyuIpFKDzSxaLaobuPvfhmpbr4g3Gp+GbrUCJdOjklEEVxEm8qS&#13;
MnOfy4qn460Lwf4fubXWbjRZZYZTIstra7t00hA2BQCAOc5xitS71fw9/wAIomn3/h8oxhWV9JhY&#13;
GWEHoWxgr2JPvXxEcJxNOjiK2MxEVTppq8U/efKrN2V0rPW3U+cWLwtKt9Xi7SetvXTfa7M/Qdev&#13;
7cWWt60tvNcS2V5DDNbnJmjV4Nhc9iPnznpVbwxOfAms/wBpeJYLq4l1ZcQSqpZ8Z5JHXJz0qg/i&#13;
DT9Hg02a8sJ4NLtreW4EZUM5haeI7D03HdGee4Iz3r1S28R6dqHhVPF+n2jXduIDcRoyhX2g89eh&#13;
GD+VcuDwdXOIvMlUUPYtNNJtX5Y87s3d3S0bOjDzpUqiwzleVr2b1te35nFfFzxBq1pqegppyTJC&#13;
uLyNgCN8u7AX6gDp/tV6Dpvj3wzeataeHF1GN9Wnj3PbRgsYiF3MGPQY6V5XNqFj4q8Yw+MtI8QX&#13;
plSW0iXRrqPbEjb1G4uCVCZGemdx68iut+GPhvwDD411jWdEuL2bWTvW4WUYhQs3zmLjOCw7kmvc&#13;
yLEYBZlXxLxftFWUXBJWjzJNNJvqrXaMvb5lUqwhQpxiuZqTbu+RdUl1ex0nxc8EW3j34c634cmg&#13;
SSWa0d7dmXJSZRlWHocivgb9nvWPDFj8U7Dwr488NWep2OsXSaW63KZNtcM+xGB7fOQD7HPav0N8&#13;
V+PfD3gu80qw1o3Hm6xN5Fv5UW8ZBAJb0HzD86/Or9o/w5L8If2iL54UMVt9vh1m029NjMJMA+xB&#13;
r9c4YrydGrg5NrnTcXtqtHb8Djz7D0K2JhiKbUpUmoyW9r6pNeaufolafs4/BeJAZPh3o7MfWHIH&#13;
61z3xS+Bnwl0r4a+KtR0rwBpFteW2jXs0E0duA0ciwOVYH1BAI+le1ROskaOhBDKCCO9YnjuwOre&#13;
Cte01F3Nd6bcwhfUtGy4/WvkKGZYtV4uVWW6+0+/qfcYrKcF9Umo0o35Xb3V29D8ne1fW/7AmieZ&#13;
f+LfEcif6qK1s4m/3i7OP/HY/wA6+SM4r72/Yd0X+zvhJc6o4w2q6rPMGx1RFSMD80b86/XuN8R7&#13;
HJpR/mcV+N/yR+EeHeF9vn8JPaCk/wALfqdZ+0k048N6YEB8o3beYf8AgPH9axvhZ4Xtb74SeI54&#13;
gJLvUvNhPHKiNMoPzYn8RXefGvSl1X4f3+wBntClyvPPBwf0Nct+zXfrLoGsaS7cQXST4PpIm3/2&#13;
nX4gk7H9Icyvuec/BK6htPiNp5nlWMSiSIbjjLFTgV9WV8z/ABh8AT+DtcXxJoe5LC7l8xDHwbeb&#13;
OcZ7DPIr2b4XeOYfHHhqK7ldRqFqBDeRj++Bw4How5+uR2pS11GjsqKKKkYUUUUAFFFFABRRRQAU&#13;
UUUAFFFFABRRRQAUUUUAFFFFABRRRQAUUUUAFFFFABRRRQAUUUUAFFFFABXM/FBQ3w28VK3Q6Neg&#13;
/wDflq6auZ+KHHw28VH/AKg15/6Jasq/8KXo/wAiKnwP0Pz8js7eLaNgJVRVpfKUfKgX3HWq+8Z/&#13;
4Cv8qPMzX5G3FSdj40s72JwrHPY9TXq3wy0ZLPwTrvieXXtN0W71sNpGmXN/I0cezjz3XAJzj5R9&#13;
K8fL8feIrY8R+Nb7XtP0fR5ILe3tNFtjb20UOdpycs7Z/iPc104XE06EnOd20nb/AIc3o1Y05c0j&#13;
1jR/Bdle/D/WvAyeNtB1u8jf+19JgsJnaRZY1Pmr8wHDKOgrxG41KCGInfu+XoOtT+HfFeqeFdes&#13;
vEOlMguLCQyIrcI+QQQ3qCCazNTnGp6hd6h9lht/tkzzGKLOxCxJIX2yaK+Kp1qcOVcrjpa97/Mq&#13;
daFSMX1R7P8AEv4iW3hy68P6fL4A8P6wW8O2En2i+83zPmQ5U7SBgY4rD+FHifTtZ+LiNHomm6C2&#13;
r6Td6Xaw2YYRJcPF8rFmJILYI/EVwvijxLqPjG6s73UIIIfsFlDp0YiJ+ZIhhW57+tZCiS3dZoJH&#13;
jkRg6OrEMrA5BBHQiuieYyWJ9s37qd9l0Llik53jt6Fa90m+0u9n0zU4zDdWkrQTpJncrqcHPp/9&#13;
evSfg4jaNo/jzxXdxn+yYPD0umsxHyzXMzKI4x6sCDx7ioZvi3JrEcMnjf4f+HvE13bqEW/uQ8Nw&#13;
4H/PRo/v/jisfxX4/wBb8X2Vroz6dZ6VpVjIZLbTtNh8q3jY/wARHVm/2j+FTCrhsPJ1ozb00Vu9&#13;
7X+8SqU4zc4yvpsdnp/iLTPC3wE8FnXfBel+I4H12+jeK9eQFAGGWjKEfMRnrWf8d9Qu7CTRNP0a&#13;
0srbwJdRpq2iW+nweUkrEDeJjnLyryvJ6GuPufEuqXvhLS/BtxbQC10q7nvI5By7vL94Htj8KtN4&#13;
v1JvB0fgi+tra4sYrv7bazSZM1rIfvCP/ZbuvSrqZgqkJUG9OVWdle6STW197hLEJwcHp7uh1H7Q&#13;
8DyePD4hS5lXT9es7e7sLpcbZovLA2A+xHI7Zrz3SrSZlMqQGRo14KrvZUB+8SOgz3NdhoHxGvdL&#13;
0VfDWt6TpvibRo3MkdnqcW5YWPXy2HzJn0HHtU2ofE4jSbnQPC3hTSPDNpfL5d2bAM0s8f8AcaR/&#13;
m2+wxWOIqUa85YhTacr6dU7d9hTnTqtz5rXO01nxdb+Hfhv8PoH8JaJrhubG7Pm6iGZogsy5CbSO&#13;
DnnJ7CvPvFXioeJJoha+F9D0dLVWz9g3gzE45bOemO3rWlYfFNrfw/pfhzUvBvh3V7fR43itHvrY&#13;
yOis24/xY5OPyrN8R+LbTxBaxW9t4O0DRfKffv0+AxyPwRtJyQV5zj1ArXF4uOIT5KmllpbXbv6j&#13;
qVo1FeMtvI3PgLcSr8Sba4khhkWOyvWKEHD4gfhj6VDcfE3Q7qFoh8J/CakqyiQLNuRuxHzYrmfC&#13;
/ie98GasNd02KKWWOKWEpLnBEqFD09jWRuIJwirzyAc1EcX7LDxpU903fRPf1IVe1NRW/oel3xk1&#13;
b4B6XJp/zf8ACOazONSjjHKiUfJIw7L2z0rzlpnVcjByRj0NavhLxlr/AIM1E6holwmZUMNxBOgk&#13;
huIz/BIh4YenpXTR/FLS7O4F9pHwt8K2WqLh1udkkqRsP4liJ2qfStZ1aOKUeafK1oOc6dRJydmt&#13;
DofECz6Po/wh8L6gmdTtbpbydGPzwxTXCmNSOo47Gusm1rwj4h+Lnifwxd+BfDa6/DcTHSNQnRpR&#13;
NdpyolVmwGYdMdxXgl34l1bUPEkfjDUrqS7vluEu2kmYkuysCMjsMjoOMVNrPiDUda8S3PjF7iO3&#13;
v7q6+3boBtEcvBBXPI+6O9bf2rFNuGza3XRK1zb62oyb6XQniTUtb13X9Q1PxCjnVJJ3W880lWV1&#13;
+Xbs6KBjGPQCuztbX+2PgBc2umDe+ha8bvUIlXcfJkjwkjDrgHjPbFch4w8UXPjXXJPEOoWltbXk&#13;
6L55tcqszAY3sD/EcDOOKPCnjPW/CWpjUtAu0gnCmOaJ03RXER6pIp4YH9O2K4aeKjTxE+d3hK6b&#13;
6oxjXUKsm9noHgzxP4c0/wA/+2vBLa5G7rEg+2tCYucE/LnOePyr1XQNL8NeEf2gdc8HaNCbL+0N&#13;
FnsLGNpMr581urquWPU4YfUiuOX4raJC/wBqs/hJ4WjvRz5xWTy/M67hFnb1964/X9f1rxP4om8Y&#13;
atOBqk0iSebCPL2Mn3duOmMCtoYjD4SEeX3mmmrJJ26lqtTpxjZ3adzBvNOura9msbuJ7aezf7PJ&#13;
DJ8rRsvBBFei/CrT7nTfCXxD8SagzLpjaE+lISflmuZmGxB6sMZ9sipp/isusIkvjH4faB4iv41V&#13;
ft8yvBO4UYHmGP7/AONc94u8ea/4sitNM+yWelaNYMWttL0+Iw26MersM5dueprKnUo4STq0580r&#13;
Oy7N6avbQmM6VNuopG78RrGXVPhZ8Odfsjvs9PsZtIu9v3YLpZMncB0L9a8yWzuZiLa3ikklnYRx&#13;
CNSWZicAAdSc8V2Xhb4g694NFzb2MVpfaffALd6bexCW2nHqVJGD7jn61swfFq30iR7zwh8NvD+g&#13;
aowIW+iSS4khJ7xiT5UP0q51MPiZxxFSXK7K6tfZW0fyCU4VX7Ryt5WPQ1lFl8ePhj4akmLXehaR&#13;
a2GoKGztuBE7bSe5AIFeKanqyx61qXnqUUajcEkkdBK3NP8AD/ifWPDfi+DxvH/puo287XLNcEuH&#13;
lYEFmOcnOSa6X/hb3kXRv7H4Z+DLe9LmQXH9nl2Dk5LYLYJJOaupiKOJh78uW0m/O3KkvnoU6sK0&#13;
LOVtf+B+R0msJJofwR0zTNXVkvNb1ltRsYmGHS2VAu/aeQGPP415w0hJPIP0qvr3iXxD4o1eTXtf&#13;
1Wa8vZRt8xyAEXsiqOFUdgKrR3koG1yCfU1y4rFKrJOGySWu7sYVaqqP3dkaIc5pt74U8PeMtLGl&#13;
+KLi/isY9Qt53+xuVZgFkBBIIOMEnr1AqAXKMODk1g+OLbxtd6Pp/wDwgqXbXUerRPdm1lVJEtfs&#13;
8+9gWIHHHr9DSwbqTq2pNKVnZvbZignUfJ3Oy+JHjDRR4PmFvd3GHvf7Oiku4hHEwdgnlr82XccZ&#13;
XHGCc9K0ta8d+D7fw5p+j+ERHb6hBPB50yJ8piiUZids5GMKWGd3HHXNeI/Ff4f+MYtI0PVLvXRB&#13;
DpUC3tvpOoIhuJ51lVxv+YJEu0k7jz2I5Fc5deLdEtYtQ1TxFqBtUF0LyeJf3zAs6/uiVOSVVRja&#13;
c4VucZropfWoUIxjPmd3ezTvstFb1CvRvD4bN6W/r/g3+Z9Yad8VbDXLyTSLa/FlBlxdRSR7zC/z&#13;
b3TgfKfU9yOtcR4i1a5umubzUtSZbFnFi5ALruAzJICQSoJAU+m7ivm2X9oeLU9esLvQ9ZaSMXU2&#13;
mSyXcO+KURt/rMqBw6uuD8xHNdB4g+Ji6rJJHPfiHSbiFZFhjI8sNkbmJ64BDnHtXzmZZLisJiYO&#13;
7cWtrba6pfptt066YvFVo2puL5n6nuXh3Xwtnc6tql1C0enRLbs+HkIXcqBQo5yAmcYwATnua57S&#13;
vHtxKn2FdYd7af7Rd6pJNbALuSMtFFuJIA2heB6CuK0fxZocUQvdQvYbO2mAnlluGDCMRruLFBku&#13;
7logOu7bwD0rOt9I1jXdKmTS9SisXvHdGkm/0cSIdq+a4bvxj5efvAAnIqqeT4io51FTkk/LSzut&#13;
F5auyf8AKwo47FU4LlW2n3afid/4a8eQXssEvkkTeejRvbsyHzcFsuTkDO5ufQ+wqLS/iZ4j0e++&#13;
xa5JFLZrc3E9+iyB0WRiQqpnGQpCnIIXOea88+H2uWeua9dwrqUEUtq15/q1aRZLVOFdeMkn5scd&#13;
SelQ6zDa6zpLTaQz2811qRJkZc7ljQpFANpOSzNlwAenPbPoUsujGvUpy0Vkrb9H/lp5/M6ViK7g&#13;
ru7V/wCv66F74r/EbxPDpOreIpLyKy0S0ieCzWNgk1xcNKRFHkqT5ZZVyo9fQcafh74sav8AB74Y&#13;
xXWq31gmuaz5V7d2FyrTeS8uIgioCABK4BwuCMsexqp4r0bwl4a0n7NJqK63ieI232qHetnJGjtJ&#13;
sPO4bmdeh+6e5rF1geH/ABt4ysdMvURbZ9HuJYbmO3DzrcRQu+6EHqUOccBs5BPGK+kwGJw+FpqO&#13;
Gh7jXM2lul06ve7f+W+FSXsvdqxu9r9b7f1uewn41pppsrbUNLs5tbV0aWT7QUgaaUBUQtj5jhTu&#13;
JycKOuAa73xV8RpLbWdG8MeH7Btc0U+ZqN3flUWGyJR33bARxHgLznJ654ry/wCF/gvQvGiaTp4t&#13;
riG70qWOS5g3h3edkSSMys3zMvILdBhHwBuOfXtb0W1j0LXdI0HULG7mtb6O0kM0amBA4jWaEhMZ&#13;
2tngdyRj186efxhJ4Ofx31fm79k9tZL5b9Zo0FyqtTtpurb2XqeF6p4y8TeINO1aKyv5ILm21aGW&#13;
1mvClyYXZIzEI1PyLEI5N3mgj7h+XvXodv4k+JXw+0PR5vF+tC11WG5sdO3JBua6kkxvYqgKFA8q&#13;
jcoA681qala6B4VspfDtvoUJMBjTzJbd5Ixbo4PzHGFHzMF6ZOB2xWvqmkajpptPF+vNct4e0C18&#13;
wW9m7vDC7AbpFTGGhQYby2PBXco4K1lSzihmCvTpdfedr3su9tLva+nn2768qj92c9baJNq3f/P1&#13;
KOkfFq98UfETxF4Os9J0u4fQLW5u5rlALRJJo/MaOIbRhsbgGc85ZiM4rI1z4m2XxJtLTUT4cnk1&#13;
LRUjUR29w7GyupgojVy2BIv3iDtGSgB4Iqhovw68J6ld+Ibzwv4pmW314287W6PuKOu3c8Kq2OVJ&#13;
cnHPmYwcZrQ8PXFt4X0+STS7eO3tzMjGPKpcOq5R5ZJD94KEP0wMdecMdi8HQUbu+icn31V7p9nd&#13;
pamFCvKreLV7/h/wTeAt/EHgy1vBczafcapLDPZNcLteFXyd8oOAX+QZYjjJrpfF3jSz8M/ETVdd&#13;
c3403xH4akvpLv5DbrJiJHAJbhuScYxhuoNeXReKrfxT4xvtMa5uJYEjULeSnKjyyNxHOcOS3XjF&#13;
XJrW81nwtBquqa1by2D7/sxuHEcZSOUOnzHqrsoY5GPl29Cayy6VKcXGSs3333kov1s+h1zk1NyS&#13;
26+iev4nkP7Zvwd1HXvCum+LdMiU39tGbjU32hVKOB5IJySDs44JGc+tbvw+8Xz23hLQru8kOH06&#13;
38wk5bfsUHJHByf1r1rU50tPDOiL4tm0y4t5bYx3UMlz5pmMgYopYnJCq+7PuMdK8lsvDdppVnFZ&#13;
x3JtLeG5drFQu9HUOTjOMjDZI9BjNfa5bjKroqi/s6R9E9F+noeBin7B22i9fTv9+/rc9U0fxol1&#13;
bRT4Me9AdrdR9feuz8K3A1q5WZrtEjikXKs2C56kA18p6l4/hsPHOo+CbG1vlubSKOe3ZomEdwjO&#13;
igI54c4cE46HPpXSWEnjOS0kXUlkt/7ZlFpaWpmCTon3Wl8vneuc4JAOM9uR6FbH08JTSa17dXfX&#13;
7+5yxjWdVTlG638rdPkfVerkyS3WpeL7q3trCyCi0/d/vEGcDDjg/MTwR0xW5oUOj6docGrafq25&#13;
JLYQIpdBulOVyQeMkt1FfFvifxHfxa9L4c1Xxjfl7UpFFbeekzRw7/uMTwCEAJYksCwNVD8VYtF8&#13;
PrqE7PYrK+y2+0zbNkQOcxjJUZbIyOSMkkE15f1qjKpHEQhdu1rtp3evbor7aJHrUqzU5e0jsnr1&#13;
/roj9GvDF34aOnXQ1DUtNKv/AKzy5EkKoAAoO3PYCvGPj/4s0rT9Oe8sZraG3WU+ZqR8v9wuSrlC&#13;
wID7d2F+9kDHpXzh4S+MU2m+E7LWme0u4mYvDZ+dMjTuWzhn24c4HAIHAx8xrG1n4qx+JtTfxP4p&#13;
jjuLTTyBawXlnIphf5i8q7CqlxgEDbyB1PWscdjW6vLLZLpd3fbzfyt81Y7ni1VopONv632/4J6D&#13;
e6/ovhHU4vEeuTLd6WsKNcStGyI7PE0nlmFvmICpg853jtWn4f8AjJfz28/iW2082ya3bn+yYpAV&#13;
kj3vnfJ0JJGCoX5emeOvz9471uLx1qlp5+oJp2kWyo72ZlX/AEk5BCmPGdzAk7m5ywBNbF14oufE&#13;
XiCzttIu9W1nU7Uw21uLiARwk8B4EhjACt94ZbJ4znnNcEMySrRq14803ZWs2kunZXu9X20s9TJ6&#13;
UnGi7av+tfwPVdE1zQ/FEjyajcw6fPBLB5MYjkaO4R2IcIg+6wI67gpO6tb4geHfhTaeMNPg0HVY&#13;
5tOltkj1Jb2MmBpyrMrZ6IH8wdDgMy/dOK43SL7wz4Z0KLXPEOk2h1CKae2hi0+6DGR0kcnaiksS&#13;
JPm687D0HWr4kW71++/4SMeGLbUZ9Ktyk1o92Flv432yOSoGY3XDMQRzkAZr6PF4nL+IcPOjU5oK&#13;
zSkrXg1s0232tp36I8ungsXly5uWMpNpvfVd+lv8l3P/1f05wPWkoor5w9AKXHrSUrdKAEooooAX&#13;
BxmjHrS/wUjdKADA9aSiigCK4nW3TceWPQetYk6vcSGSQkk/pWlqX/LKqP8AerqopR2ODFvmlyvY&#13;
5L4lJ9m+HviKXoRps4H1KEf1qv8ADDSYtE+HeixXBSIfZFmdnOB8+Wzn6EVb+LH/ACTnxF/14S/y&#13;
pLH/AJJppf8A2Crf/wBFCvdjJ/2fy9HP9D4urRh/rA521jS0+cv+AefeKNWsdB+Mej+IrAiaHUrC&#13;
WwuMcBpFyV5/FP8Avmsb4ZX17b22t3tvIYxqGpzSEjrwxGM1V8af8jD4Y/6/pf8A0EVN8N/+Rfn/&#13;
AOwhcf8Aow19tSw1NYKMmrvlS18mz8neLqzzypTvZRnJpLvKML/mxvxNE72FlrZkZ5dOvI5dxOSF&#13;
Jwf5j8q6qORZY1lQ5V1DD6Gua+In/Ip3n1j/APQxW/p3/Hhb/wDXFKqp/Ah8zeh7uY1bdVFv8V+h&#13;
YrjPGx0zU9W0rRLy+EGJfNkDL8rA9BnPB4P5iuzry/x7/wAjpY/WOvOxWlP5o+oyfXEOS0tFtfcW&#13;
/C40DW/iPqeu2V+ry20P2aOBk2kbflLLzyOP1r0611G+siDa3cseOytx+VeF/CT/AJHzUfpN/wCh&#13;
17Wv3qMNCMqbv3ZebynRxC5ZPSKt9x8J/tR69qWu/GbWjqMhb7GIraIYwAgQNwPqxryavTP2j/8A&#13;
ks/iD/rsn/opa8zr52vCNKcowVldn6bls5VMJTlJ3dl+QV6V+zn4r1bwd8Y/DesaNIFnNz9nbcMq&#13;
UkBVsjuMGvNa7L4Of8lO8Of9fkX868jOas6GW16tN2lGLafojqn8LOkvPFZ1/wD4KA2/iKz1aO5m&#13;
lu5lkuLZ+BJ9ilVlBX05BrQ+LN9Y6f8AtS6TrFpfxzyvLZtdlX3NHMMxlWP97aE468ivL/hV/wAn&#13;
i2v/AGGtQ/8ASeauk+Jf/Jxs3/Ydt/8A0OOvGwCnVzmnGpNtPAO93ve+54OPb5Y+qPuGvmz4h6nq&#13;
ut+Or+CFLjfFL9lhhXO4heOAPU5P419J1886h/yWKb/sIn/0Kvx3wpssxxNVq7jF2v6o9ChpJnNf&#13;
BTVf+Ed/aw0e6juI782dvcRPtk3KHNjIHUMPRiw+or1f4LeJ/D+g/th/EG41KcWSapCXt0bksxCM&#13;
wGOvevBvgx/ycsn/AF9X3/oqauz03/k7u+/65v8A+ilr93zHiPH4LE1adOScY4KNRJrTm57X0t0P&#13;
FTcpcz/mf5H3Zqvjnwm0ttNGWujFIWYCHqNjActjuRWRf/FK5YFNM02OFegaQ7iPwHFcEfuD8P50&#13;
5fun61/Pma+J3EeLUqaqqCX8qt+LuzuhTjGUmjf/AOE68SCWSVb0KZG3sAgwTgD+QFaNj8Tdct2A&#13;
u4oLlO+V2n8xXHdv8+gpf4K+Yw3Gmf0J+2jip383dfcy0kjtLn4k3Sabb2Ol2ggeOFY3lc7jkADg&#13;
VyV5f3moSmW9uZJnPd2zUDfe/wCBf1FN7iuTPeK83zyV8dWcl22X3LQUIqMUkRX8fm2NxFj78Tr+&#13;
YNfAPwx0FPEPxTg0aRco73jMMdkikb/2Wv0DuP8AUyf7p/ka+F/gP/yXK3/3dS/9Jp6/avBPEVMP&#13;
k+dTpuzVNNetpHFjNZw9Tj/2Cw8Hx4kgcFXXSLtSPQhkr9JbbVLu3wN+9fRua/N/9hv/AJOKuv8A&#13;
sG3v/oSV+iqdq4vGHOswyrimOIwVWUJeyg9Hbv02fzNqeHp4iHLUVzP+NHjGxsvg74jhjhkiurm2&#13;
W3U9Q291UjP+6TXzR+zPaW0vxa0y/vFZoNNSW6baMncqkL/48RXs3x7/AOSY3/8A11h/9DWvIP2Z&#13;
v+R6uf8Aryl/9DWvfyHjDNMw4Yq5riZKVWnezt2tukdGHw9Ojh5wgrL/AIBoftZvDefEqLV4IWjF&#13;
5Yxk56nYSuf0r3f4a+JtVv8A4d+HH+3y7Y9NghADY+4gT/2WvB/2ov8Aka9K/wCwc3/oxq9f+EP/&#13;
ACTXw/8A9ew/9CNfM8Z53j8Twtg8e6rjUnJ8zjpfR9vQ2dGH1eOmx3B1vVIr+zmF47NGX27jnGVx&#13;
UFlrugWfjD/hKr2F47xleG5dSfm+UAHZ+AqvJ/x92/1Nczq//IQuP+uh/pXwPD/GOeZZWaoYiVna&#13;
6bun6p+n3HiY7A4bEWlUgm07rydtz1bU9e0EaxZ61eWTXunyae0MgEQcRbpFOXXtjbj8an8FxeLt&#13;
V1aGOCKGz8JWvnhQNp+2bpHwAByFAPt0rkpP+Rau/wDr1P8A6MFeq/DL/kTNO/3ZP/Qnr+gOD85x&#13;
GOzCrTrqLUoc23WXKnb9NzxsVho1KkEm1aV9Ha9tbPyuc14m+FOnW1nPYaQXgtdcuLW2nkD/AL22&#13;
/fqQUz1BOMj2Fel+GPDlr4S8PxaZpkD3UltDgMQBLcMAcbm9SeMmqfiP/U2X/YSs/wD0eldbZf60&#13;
/Rf/AEI19JhcLSwEq2Fw65YR95Ky0bve2h7mHwVH27xVvfslfy3PMvEPiqXxVpum3vhHw6brxBYa&#13;
hJALC9RUe3mNvLhjvwMDG7/gNfGP7dusaRNeeEbLUfFVnq/jaxt54dcW0YOtspcNHGxXjcCzjHUA&#13;
CvsjwL/yUXU/+xgb/wBI7ivzc/av/wCTgvF3/X+3869fw2x9bMFKrW+JOT/BK3p106nJmGGi3Kvd&#13;
6pK19N97d9N3fTY/XH4aar/b3w58La5u3f2jotld7vXzIEbP610kq742T1BFcN8Bv+SH/Dz/ALFX&#13;
Sv8A0kjruj3/ABrnqu1V+r/M+wguakk+yPyb8c6BJ4W8Z654dkQodO1Ce3APdVchT+IwfxrsdN+P&#13;
3xJ0fwbpfw/8I6i2k2NirKDaL+/nd3Z2JbryWPAqj8fv+Sz+MP8AsKyfzFcfoX/Ib0//AK7p/Wv6&#13;
HhRpY7AUqmIipaKWq0vb/gn8oVcRWy3MK1PCTcfelHR2dr7fger6PYftU+NIWt9Pi8ZXMFwpUm4Z&#13;
4Y3U9fml2qR+NJ4W8F/H5G1ZPDuuXdnc2Vs9xc2yXxWWVYzgqoGQzDceM+tfbXwr/wCRZsP+uNeW&#13;
fD3/AJHnxJ/16X//AKMFfn+Oz2pRxDowpU0rr7Pn6n6hlfDtLFYF4qpXquVn9vTb0JP2UDrHxD+F&#13;
mtJ451O71aO9vniVrqQu0YVQPlJ6EHn61U02TV/gn8RPs1+XNhMdrsPuz25PDj3H6EGtj9if/klF&#13;
1/2Frr/0IVF+0n/yNOmf9g8/+htXyGfxSzWtCKsubZH6Fwu5f2NQlJtuy1erPoS2uYLy3iu7aRZI&#13;
pkDo6ngqRkGpqxfB/wDyKml/9eUX/oNbVeGfRhRRRQAUUUUAFFFFABRRRQAUUUUAFFFFABRRRQAU&#13;
UUUAFFFFABRRRQAUUUUAFFFFABRRRQAUUUUAFY/jPR7nxB4Q1vQbJo1uNR0+4tYjIcKHeNlGfbJr&#13;
YoqZRU4uL2YmlJWZ8gD9kn4k4Uf2nofAwcTP/wDE0f8ADJXxJ/6CGht9ZpP/AImvr+ivDfDeXv7L&#13;
+88/+y8P5nx//wAMj/En/oKaKPYTP/8AE0n/AAyN8R/+gnov/f5//ia+waKX+rWX/wAr+8P7Kw/m&#13;
fH3/AAyL8Rh/zEtF/wC/r/8AxNH/AAyN8R/+gnov/f5//ia+waKP9Wcu/lf3h/ZWH7M+Pv8Ahkb4&#13;
j/8AQU0Xnr++f/4mkb9kX4kHpqei/wDf5/8A4mvsKij/AFay/wDlf3h/ZWH7M+PB+yL8SB/y/wCh&#13;
H386T/4mpD+yT8ScYGpaJ/3+f/4mvr+ij/VrL/5X94v7Kw3Znx8P2R/iSOP7T0T/AL+v/wDEUf8A&#13;
DI/xIzu/tTRQf+uz/wDxNfYNFH+rWX/yv7x/2Vh+zPj4fsjfEcDC6nooB7ea/wD8TR/wyN8SP+gj&#13;
of8A39f/AOIr7Boo/wBWsv8A5X94v7Kw/Znx9/wyP8SP+glof/f1/wD4mkH7I3xHHAvtDX3E7/8A&#13;
xFfYVFH+rWXfyv7x/wBlYfsz4+/4ZG+JHbVNF/7/AD//ABNH/DI3xH/6Cei/9/n/APiK+waKP9Ws&#13;
v/lf3h/ZWH8z4+/4ZH+JPT+0tE/7+v8A/EUv/DI/xJ6HVNF/7/P/APE19gUUf6s5d/K/vF/ZWG7H&#13;
yAn7JPxJT7uqaKP+2z//ABNB/ZJ+JB/5iWif9/n/APiK+v6KP9Wsv/lf3j/svD9mfH3/AAyN8SP+&#13;
gpov/f5//iaP+GRfiPjH9p6L/wB/X/8Aia+waKP9Wcu/lf3h/ZWH7M+Pv+GR/iSBj+09E4/6bP8A&#13;
/E0v/DJPxL/6Cmif9/n/APia+wKKP9Wsv/lf3i/srD9mfH3/AAyP8Sc7v7U0UEdCJn/+JpT+yR8S&#13;
iedU0U+5mf8A+Jr7Aoo/1ay/+V/eH9lYbsfH3/DI3xI/6CWh/wDf1/8A4il/4ZJ+Jf8A0FNE/wC/&#13;
z/8AxNfYFFH+rWXv7L+8f9l4fzPj8/sk/Esjb/ami49POf8A+JpG/ZH+JTDB1PRP+/z/APxNfYNF&#13;
H+rOXfyv7xf2Vh+x8ej9kT4kd9T0T/v8/wD8TS/8MifEb/oJaL/39f8A+Jr7BoofDWXveL+8f9lY&#13;
fsz4+H7IvxHHTU9FH/bZ/wD4mrdr+yr8SbW2dFv9EeQzxSgNPJtKqSGB+XnIPQ8V9bUVUeHMBC/L&#13;
F6+ZdHL6FGoqkVqj89fjL+w18e/Hejf8IxoN54ZaGdF+06rqN673oywkeKIiPhDKMnPUBRxjnzDx&#13;
D/wTW/aVu7W10zSo/BnlwPILi4udZmkN2CqFHKeSAjK6sQB2c81+rNFdtHLMPQpqnFaLY65U4zfN&#13;
I/MWD/gnF+0Hd/Yo9f1HwXdxIIYJ0F1NGvlLtJKiONeVKgAdyoOeas3/APwTJ+I4aKJNR0+9tC7N&#13;
d28Wqm1WdGJbylzE2xR8q7iSSN3Tiv0xoqv7OoNWauc8sFSk7u5+bXxE/wCCbHxT8YavajQtT8Pa&#13;
RHYWyRxaq2oztP8ALFtCJEIyOpxuZ+AOFAwBm237Dv7ZSeGLDwlqOqeFtQtdP8yLzbjXpZHlVm+V&#13;
/mgJUpgFRnA5r9N6K6aFGnQXKlddnqvxHUwdKrHlenpofldYf8E8/wBqzSYLM6ZaeCLe5tba5tpJ&#13;
49bmSScSZ2hiIeAN3YcEVUtP+CeX7Zs8tja6hq3g23sbWXzAsOryMUwxbKgwDknGTnnAr9XKK5P7&#13;
LwvO58mr/wCD/mxLBUkrWPzasP8Agnh8eJNPludc8SaHJeRaqptbGC9dbf7E5UzO0mzcJcbgAB15&#13;
yM8VYv8Agnv+0Jpvj+41jRZPCltpTaTfaZav/a0rTWYlUrGYx5QOQGbJLZO85Jr9L6Kn+ycNZxS3&#13;
VvReQSwVGXQ+Fvgr+yJ8efhn4GudJuf+EYbW72+nvZ7v7c8jsGVVRN4jBOAvU5xk+td3a/s2/FGw&#13;
1yy1C3l014ozDHMHvyARyZJdojwZMkMPU4yfX6uorxq3B2W4jETxNTm5pPXVdOi0I/s+irb6HxJ8&#13;
a/2Z/wBpLxteTxeD/wDhGLfT/MjCpNqkiNcRpgr5mIj/ABAuc5yWNZ8H7LH7VEOlyaINf8PLZ/Z0&#13;
tvJOpSSRyqV/eb1MQ53E7fbivuuiurDcMZfhIqNJPTz/AOBqFbLqFd8073Pj/Q/2QfHWg6JPcLqV&#13;
lc63cRlNgu2WBC7bpG3FSxOXc9B/D6VV1T9j/wCIurW/h3T0udG06HTzOt5NHctK7xF1EcQDJyoQ&#13;
OeudzmvsqiuStwZl1ar7aTle991Z6W1VjWlhKNJ3ij4gT9j/AOMdlqOp6pZnw5LLdRxwIsl4wDIi&#13;
kE8J8pbIHfGO+eKGm/smftCyzlPENt4aksRdEizt9XcW5tygQxlDF0GMgD1Nfd1FdlHhrBUbP3m0&#13;
krt9vlv5m0qcZLlWnofAHxT/AGQ/2mdf0qG38GR+EI7zzzK89xqLoUUoqlR+6O7PIz1HGMVkWf7E&#13;
P7SV5dabca5L4YiMUSC5a31WRiGjyRszGOWJPPHXnPSv0Worvo5XQoUVRjey69TinltCp8V/vPgf&#13;
wh+xP8W/DSfaLnRvDOoXU6nf9o1R2WAsSXVP3Zyv3eCPXpTPGn7IP7SPio2l4o8L217b3VtdvPa6&#13;
m0MzPGMHbJ5RZTgDB9uhr77orOeS4SpWjiJxblHbVkxyujCHJFu2/T/I/PfRP2C/i5Detp+rvos2&#13;
jX4aa+aTVpZbkXJB+dWKdN3PBHPXOK6XxN+xJ8QfFH2XT9RsfCkun20Y4lnkeTcFZQFYruGMqw5x&#13;
ndx81fcdFTPJMLOqq2vMtte/6+e50QwdKCate5+cun/sS/tUWmjS6fdXfgiYpJG1qkV7Ku1Y920M&#13;
5jPH3TgDHXrXmfjj/gnJ+2p4i1Brmz8Q+CFhM5uNg1WZG8zJywPknBI59unvX6zUVpRyjCUKjqxh&#13;
7zKjhaUXex+Ttn/wTY/ahuUu49c07wK73TrP9oj16581CG5iBEQ6jDbupIwc5rpvDP7Cn7ZGia3H&#13;
c/2x4TsoJl8u4vLHV3+1qAMAgvD83GOp7evNfp5RW88BhqtlOCdvIbw8Gfm5rH/BPP4yxeKrTxPo&#13;
2sG+uYNxB1DXE8pDtIGF8gnBYgnBHf8ADL079hb9syD4iR+Kb/xT4al09lgkuYYdWkQzPsVZEI8r&#13;
gcthgR90cdq/Teit6NGFCLjBaWt02E8NB7n/2Q==&#13;
</Source>
                </DataBinding>
            </Presentation>
        </ViewDef>
        <ViewDef id="6fd5de21-7658-4204-9b33-a73a0ea266d5">
            <Title>Sus - Power usage trend with vSphere Clusters</Title>
            <Description> Power usage trend with vSphere Clusters</Description>
            <SubjectType adapterKind="VMWARE" resourceKind="ClusterComputeResource" type="descendant"/>
            <SubjectType adapterKind="VMWARE" resourceKind="ClusterComputeResource" type="self"/>
            <Usage>dashboard</Usage>
            <Usage>report</Usage>
            <Usage>details</Usage>
            <Usage>content</Usage>
            <Controls>
                <Control id="time-interval-selector_id_3" type="time-interval-selector" visible="false">
                    <Property name="advancedTimeMode" value="false"/>
                    <Property name="unit" value="YEARS"/>
                    <Property name="count" value="1"/>
                </Control>
                <Control id="attributes-selector_id_4" type="attributes-selector" visible="false">
                    <Property name="attributeInfos">
                        <List>
                            <Item>
<Value>
    <Property name="objectType" value="RESOURCE"/>
    <Property name="attributeKey" value="power|power_average"/>
    <Property name="isStringAttribute" value="false"/>
    <Property name="adapterKind" value="VMWARE"/>
    <Property name="resourceKind" value="ClusterComputeResource"/>
    <Property name="rollUpType" value="AVG"/>
    <Property name="rollUpUnit" value="MONTHS"/>
    <Property name="rollUpCount" value="1"/>
    <Property name="transformations">
        <List>
            <Item value="NONE"/>
        </List>
    </Property>
    <Property name="isProperty" value="false"/>
    <Property name="displayName" value="Power Usage (Watts)"/>
</Value>
                            </Item>
                        </List>
                    </Property>
                </Control>
                <Control id="pagination-control_id_5" type="pagination-control" visible="true">
                    <Property name="start" value="0"/>
                    <Property name="size" value="25"/>
                </Control>
            </Controls>
            <DataProviders>
                <DataProvider dataType="trend-view" id="trend-view_id_2"/>
            </DataProviders>
            <Presentation type="line-chart"/>
        </ViewDef>
    </Views>
</Content>
